,location,mean_rent,num_contracts,CBD_dist,CBD_mins,build_age,num_rooms,over_load,dens_household,dens_pop,commuters,tspend_commuters,month_cost,area,unemp_rate,new_households_5,area_D,higher_edu,num_jobs,dens_jobs,shore,urban_intens,shower,heat,AC,no_heat,shacks,sharing,contract_km2,rent_house,rent_house_nosoc,leave_school,Total_empty,Total_sale,Total_rent,Total_demoliton,percent_empty,percent_sale,percent_rent,percent_demolition,complex_rents_newincomers,empty_per_contracts,scholar_years,percent.social_value_professionals,rent_m2
1,            Alcabideche,452.29,1771,28.6,39,29.66,4.7,0.152978016,497.62,1060.2,26.3,24.03,649.6,103.57,0.126880904,10.3,39.77,18.18,9516,239.3,1,1299.5,0.010,0.120,0.090,0.140,0.004,0.008,44.5,0.277187031,0.239611194,1.57,2443,828,485,57,0.07,0.04,0.02,0.00,26.67766777,0.273856578,10.34646252,23.79,4.366998165
2,           Carcavelos,541.02,1052,21.8,32,34.72,4.7,0.089469437,2739.64,5177,54.6,28.77,634.8,104.29,0.104057481,16.6,4.51,37.66,3136,695.3,1,5872.3,0.000,0.140,0.120,0.100,0.002,0.010,233.3,0.194775066,0.187512608,1.53,1149,248,132,12,0.03,0.02,0.01,0.00,3.505045141,0.125475285,13.60879254,43.46,5.187649823
3,           Cascais,617.71,2294,26.2,35,31.69,5,0.119597641,1120.45,1742.4,33.8,26.64,726.6,115.69,0.120580883,12.2,20.32,33.19,9319,458.6,1,2201,0.010,0.150,0.130,0.110,0.001,0.013,112.9,0.293583073,0.274505723,1.46,3711,896,692,40,0.07,0.04,0.03,0.00,20.84965351,0.301656495,12.67404938,40.63,5.339355173
4,           Estoril,570.1,1511,25.9,34,37.34,4.9,0.115416024,1818.54,2987,39.86,27.95,675.1,112.52,0.127203003,13.2,8.84,34.78,4817,544.9,1,3531.9,0.010,0.120,0.110,0.110,0.001,0.018,170.9,0.273659378,0.261047092,1.76,2680,636,339,11,0.06,0.04,0.02,0.00,9.746981024,0.224354732,12.96058137,42.2,5.066654817
5,            Parede,552.41,929,23,37,37.72,4.9,0.091946383,3368.48,6016.4,47.03,29.14,744.2,111.03,0.108543899,14.1,3.6,36.91,4970,1380.6,1,7397,0.000,0.190,0.130,0.090,0.002,0.022,258.1,0.245485765,0.239282154,1.58,1194,257,148,35,0.04,0.02,0.01,0.00,4.009753454,0.159311087,13.29044276,45.35,4.975321985
6,            Sao Domingos de Rana,458.51,1897,20.4,31,27.55,4.7,0.125508506,1279.59,2823.7,40.81,25.92,558.2,102.24,0.123821851,11.4,20.36,20.55,9207,452.2,0,3275.9,0.010,0.130,0.090,0.130,0.002,0.010,93.2,0.194850222,0.174140163,1.85,2507,736,373,31,0.04,0.03,0.01,0.00,18.15085158,0.196626252,10.82360136,25.65,4.484643975
7,            Ajuda,435.26,839,8,25,69.74,4.1,0.166280081,3109.08,5456.9,15.48,25.48,653.4,68.85,0.15576658,8.6,2.86,16.63,2234,781.1,0,6238,0.020,0.030,0.070,0.200,0.001,0.020,293.4,0.484778197,0.420556683,3.36,875,187,197,24,0.05,0.02,0.02,0.00,11.84606133,0.234803337,9.361685099,24.93,6.321859114
8,            Alcantara,476.8,1046,5.9,24,73.12,4.3,0.143120393,2010.09,3142,14.19,23.72,679.9,75.79,0.113928062,12.2,4.44,27.2,6519,1468.2,1,4610.2,0.020,0.070,0.090,0.180,0.002,0.018,235.6,0.519809582,0.491707617,1.15,1430,222,531,3,0.09,0.02,0.06,0.00,19.52205882,0.507648184,11.18525136,36.93,6.291067423
9,            Alto do Pina,532.86,534,3.8,15,50.43,4.6,0.116491854,7293.05,12319.6,12.79,21.58,498.9,97.8,0.107044471,10.1,0.84,38.94,6570,7821.4,0,20141,0.010,0.060,0.180,0.110,0.000,0.060,635.7,0.359071636,0.300156215,2.35,844,91,211,4,0.05,0.01,0.03,0.00,5.418592707,0.395131086,12.94252367,48.13,5.448466258
10,            Alvalade,619.46,575,5.4,20,56.7,4.9,0.078474247,9062.71,14898.5,13.25,19.94,740.6,105.22,0.086746375,10.6,0.6,47.54,8956,14926.7,0,29825.2,0.000,0.070,0.180,0.090,0.000,0.031,958.3,0.473760933,0.464285714,1.92,708,55,92,13,0.03,0.01,0.02,0.00,1.935212453,0.16,14.38223298,58.3,5.887283786
11,            Ameixoeira,392.64,487,12.9,27,38.88,4.3,0.160831742,3888.03,7391.6,15.36,27.87,391.6,87.82,0.167407661,13.3,1.6,24.76,1856,1160,0,8551.6,0.010,0.040,0.110,0.190,0.002,0.020,304.4,0.429238277,0.29726289,3.02,976,261,124,0,0.06,0.04,0.02,0.00,5.008077544,0.254620123,10.83382759,29.23,4.470963334
12,            Anjos,515.14,850,2.4,12,75.73,4.8,0.115033622,12429.28,19180.8,10.32,23.19,535.9,88.26,0.136039732,14.8,0.49,26.94,3586,7318.4,0,26499.2,0.010,0.040,0.070,0.200,0.001,0.143,1734.7,0.515129683,0.501440922,1.08,1251,117,322,35,0.08,0.02,0.05,0.01,11.95248701,0.378823529,11.49563554,35.49,5.83661908
13,            Beato,424.78,804,3.3,11,66.23,4.1,0.18372135,4715.21,7670.9,11.31,25.45,366,69.31,0.164091636,8.8,1.62,18.12,2257,1393.2,1,9064.1,0.010,0.020,0.070,0.210,0.001,0.037,496.3,0.515069482,0.415087529,2.89,1301,122,181,44,0.05,0.02,0.02,0.01,9.988962472,0.225124378,9.672587438,23.94,6.128697158
14,            Benfica,506.82,1637,10.5,28,44.74,4.4,0.117821662,2673.89,4639.5,17.79,24.69,641.4,86.81,0.13301778,10.4,7.94,30.4,10467,1318.3,0,5957.8,0.000,0.050,0.130,0.140,0.000,0.024,206.2,0.350860189,0.282045069,2.1,2486,470,336,14,0.04,0.02,0.02,0.00,11.05263158,0.205253513,11.76607955,39.9,5.838267481
15,            Campo Grande,595.33,367,7.3,23,47.43,4.9,0.084901532,2541.56,4296.1,14.49,20.3,566.7,102.68,0.096818811,11.6,2.45,42.62,10752,4388.6,0,8684.7,0.000,0.110,0.240,0.110,0.000,0.034,149.8,0.260393873,0.206564551,1.62,744,146,122,11,0.05,0.02,0.02,0.00,2.862505866,0.332425068,13.37290181,52.72,5.797915855
16,            Campolide,469.73,1089,3.7,16,61.21,4.2,0.154991643,3335.57,5571.9,12.91,22.2,612,78.96,0.125575555,11.6,2.77,26.1,8565,3092.1,0,8664,0.030,0.100,0.120,0.180,0.002,0.032,393.1,0.480626045,0.435496125,1.76,1636,157,479,46,0.07,0.02,0.05,0.00,18.35249042,0.439853076,10.89913566,35.93,5.948961499
17,            Carnide,555.15,529,13.3,30,48.04,4.5,0.132842973,2747.08,5736.2,15.94,23.1,681.1,102.15,0.110367042,8.8,4.07,42.35,8756,2151.4,0,7887.6,0.010,0.180,0.200,0.130,0.000,0.018,130,0.309706898,0.13317731,1.72,1125,262,285,54,0.05,0.02,0.03,0.00,6.729634002,0.538752363,12.98536486,50.47,5.434654919
18,            Castelo,359.81,39,1.2,8,32.09,3.7,0.174603175,6331.84,6440.7,17.79,25.65,NA,62.19,0.2,8.5,0.06,14.8,109,1816.7,0,8257.4,0.030,0.020,0.010,0.250,0.005,0.010,650,0.835978836,0.793650794,2.07,136,5,76,1,0.24,0.01,0.22,0.00,5.135135135,1.948717949,8.963525836,26.56,5.785656858
19,            Charneca,375.48,504,16.4,27,36.83,4.3,0.224270776,2626.55,5866.6,13.93,28.96,574.2,81.48,0.180682764,10.5,1.72,17.58,371,215.7,0,6082.3,0.010,0.050,0.040,0.270,0.004,0.013,293,0.597963676,0.40038525,3.47,594,46,74,0,0.03,0.01,0.02,0.00,4.209328783,0.146825397,9.09351979,23.7,4.608247423
20,            Coracao de Jesus,586.21,321,2.2,11,74.05,5.1,0.094276094,5178.1,6607.4,13.41,20.31,NA,94.32,0.096523093,16,0.56,39.92,15376,27457.1,0,34064.5,0.010,0.050,0.120,0.170,0.001,0.122,573.2,0.505611672,0.496071829,2.07,657,97,170,13,0.10,0.03,0.06,0.00,4.258517034,0.529595016,13.24932249,48.42,6.215118745
21,            Encarnacao,497.92,210,1.9,13,95.32,4.6,0.108010801,12084.77,11920.7,11.95,20.99,87.5,82.06,0.110720562,13.7,0.19,31.16,2769,14573.7,0,26494.4,0.030,0.090,0.090,0.240,0.003,0.078,1105.3,0.582358236,0.566156616,1.27,795,119,205,9,0.15,0.05,0.09,0.00,6.578947368,0.976190476,11.50616067,43.77,6.067755301
22,            Graca,470.67,496,3.2,13,85.64,4.4,0.128936643,11766.92,16507.9,9.69,24.9,598.9,73.03,0.142043297,11.2,0.35,22.72,1020,2914.3,0,19422.2,0.020,0.030,0.060,0.190,0.000,0.043,1417.1,0.599851797,0.572804742,2.35,971,52,337,23,0.10,0.01,0.08,0.01,14.83274648,0.679435484,10.35990712,32.93,6.444885663
23,            Lapa,602.36,554,4.1,17,71.53,5.1,0.086773378,7155.11,10806.3,12.16,19.94,626.1,106.12,0.087472406,10.6,0.74,48.86,2313,3125.7,0,13932,0.010,0.100,0.160,0.100,0.001,0.022,748.6,0.47570907,0.467565291,1.27,1290,62,246,12,0.06,0.01,0.05,0.00,5.034793287,0.444043321,14.30242053,57.91,5.676215605
24,            Lumiar,590.72,1241,12.8,27,30.46,4.7,0.085452936,3497.84,6705.6,15.46,22.89,643.4,109.49,0.080933924,11,6.11,54.29,13259,2170,0,8875.6,0.000,0.140,0.210,0.110,0.000,0.024,203.1,0.224727058,0.138034819,1.19,1980,770,215,3,0.05,0.04,0.01,0.00,3.960213667,0.173247381,14.94829764,58.4,5.395195908
25,            Madalena,593.64,35,1.7,8,71.53,5.7,0.047058824,3244.72,3400.5,12.5,21.96,396.9,114.94,0.137614679,14.3,0.12,44.52,647,5391.7,0,8792.2,0.020,0.080,0.080,0.210,0.000,0.099,291.7,0.629411765,0.605882353,1.5,176,34,66,0,0.27,0.09,0.18,0.00,1.482479784,1.885714286,13.4619883,59.57,5.164781625
26,            Martires,683.65,26,0.5,4,51.66,5.3,0.04375,3276.1,3738.4,15.04,21.21,683.2,126.79,0.065420561,15.9,0.1,51.27,2728,27280,0,31018.4,0.000,0.200,0.320,0.110,0.000,0.136,260,0.4,0.4,1.7,70,9,30,3,0.13,0.03,0.09,0.01,0.585137507,1.153846154,14.68452381,60,5.39198675
27,            Marvila,383.2,818,6.3,16,43.86,4.5,0.168320365,2616.98,5977.6,11.17,25.91,469.4,81.19,0.167733603,6.4,6.37,9.69,15618,2451.8,1,8429.4,0.010,0.030,0.050,0.260,0.001,0.021,128.4,0.528588764,0.25012492,2.09,1451,225,177,29,0.03,0.01,0.01,0.00,18.26625387,0.216381418,8.203775308,13.82,4.719793078
28,            Merces,508.97,429,2.3,16,96.83,4.5,0.141404358,12127.43,16203.5,10.53,21.68,566.1,80.67,0.139138665,13.1,0.27,32.11,726,2688.9,0,18892.4,0.030,0.050,0.080,0.160,0.003,0.051,1588.9,0.613559322,0.598547215,1.53,840,39,428,1,0.14,0.01,0.13,0.00,13.32918094,0.997668998,11.6151436,44.37,6.30928474
29,            Nossa Senhora de Fatima,604.55,820,4.3,18,52.13,5,0.10629635,5473.53,8011.1,13.22,19.36,546.4,107.96,0.094770338,13.2,1.91,47.73,30831,16141.9,0,24153,0.010,0.090,0.200,0.120,0.000,0.043,429.3,0.412243711,0.374436528,1.42,2072,358,261,37,0.06,0.03,0.03,0.00,5.468258957,0.318292683,14.10635452,56.49,5.59975917
30,            Pena,475.49,579,2.4,11,84.05,4.4,0.149763033,7035.47,8971.3,11.95,23.57,716.7,73.6,0.144429767,15.3,0.5,25.13,2927,5854,0,14825.3,0.030,0.040,0.070,0.260,0.001,0.072,1158,0.658767773,0.64549763,2.31,879,92,204,10,0.09,0.03,0.06,0.00,8.117787505,0.352331606,10.87020064,33.66,6.460461957
31,            Penha de Franca,518.93,1187,3.7,15,66.63,4.3,0.128328895,12173.83,18708.7,12.19,24.44,426.9,76.48,0.112649165,13.3,0.68,25.59,3608,5305.9,0,24014.6,0.010,0.040,0.080,0.190,0.000,0.048,1745.6,0.469207723,0.443408788,2.53,1324,102,341,16,0.06,0.01,0.04,0.00,13.32551778,0.287278854,11.20073762,32.56,6.785172594
32,            Prazeres,516.41,525,3.6,22,72.47,4.6,0.142079807,3158.48,5166.9,11.37,21.42,764,87.59,0.104231166,12.7,1.57,35.95,2811,1790.4,1,6957.3,0.030,0.080,0.140,0.180,0.004,0.037,334.4,0.531741233,0.496070133,1.08,1037,219,227,15,0.09,0.04,0.05,0.00,6.314325452,0.432380952,12.26217391,47.26,5.895764357
33,            Sacramento,544.05,84,1.3,8,93,4.6,0.142857143,8056.97,8714.7,10.62,22.33,575,85.24,0.112781955,16.6,0.09,38.67,1904,21155.6,0,29870.3,0.020,0.090,0.140,0.160,0.006,0.043,933.3,0.579831933,0.543417367,1.4,160,17,24,23,0.09,0.03,0.04,0.03,0.620636152,0.285714286,12.847793,53.11,6.38256687
34,            Santa Catarina,507.6,411,1.6,13,104.53,4.4,0.142621145,13893.83,17407.1,10.75,22.42,593.8,78.2,0.12110373,14.5,0.21,31.57,1742,8295.2,0,25702.3,0.020,0.050,0.060,0.210,0.001,0.057,1957.1,0.63215859,0.611784141,2.27,749,70,220,51,0.12,0.02,0.07,0.02,6.968641115,0.535279805,11.82709447,42.27,6.491048593
35,            Santa Engracia,434.42,483,3.6,13,69.81,4,0.150965251,6425.06,9543.1,12.41,25.78,691.7,67.41,0.125534396,12.1,0.55,21.64,1095,1990.9,1,11534,0.010,0.030,0.050,0.200,0.000,0.056,878.2,0.527027027,0.504247104,1.1,590,138,166,3,0.09,0.04,0.05,0.00,7.670979667,0.3436853,10.34300961,31.16,6.444444444
36,            Santa Isabel,575.44,594,4,17,82.72,4.7,0.108604576,6889.49,10964.2,11.7,19.63,830.4,97.58,0.091364205,13.4,0.63,42.7,10336,16406.3,0,27370.5,0.020,0.120,0.150,0.100,0.000,0.035,942.9,0.504350628,0.489848534,1.34,708,55,63,1,0.03,0.01,0.01,0.00,1.475409836,0.106060606,13.53475579,53.24,5.897110064
37,            Santa Justa,456.22,82,1.5,7,53.66,4.3,0.223602484,2677.04,3614,5.44,22.04,NA,72.06,0.140692641,22.6,0.25,11.37,3231,12924,0,16538,0.040,0.010,0.040,0.420,0.000,0.158,328,0.770186335,0.739130435,8,262,13,23,31,0.11,0.02,0.04,0.05,2.022867194,0.280487805,8.972772277,20.91,6.331112961
38,            Santa Maria de Belem,548.5,518,7.6,25,65.52,4.9,0.098395722,1536.56,2488.9,19.07,22.52,774,101.31,0.095493562,11.1,3.43,40.07,6236,1818.1,1,4307,0.010,0.130,0.140,0.130,0.001,0.032,151,0.411764706,0.392245989,0.66,956,202,134,15,0.07,0.04,0.03,0.00,3.344147741,0.258687259,13.04229891,53.71,5.41407561
39,            Santa Maria dos Olivais,530.68,1214,9.6,22,43.34,4.8,0.10546744,2325.07,4548.5,16.39,24.05,636.7,97.2,0.121185223,10.8,11.21,29.29,46579,4155.1,1,8703.6,0.000,0.140,0.160,0.140,0.001,0.021,108.3,0.233456323,0.130480617,2.21,2404,813,123,8,0.04,0.03,0.00,0.00,4.199385456,0.101317957,11.29047837,38.57,5.459670782
40,            Santiago,435.22,58,1,7,93.5,4.3,0.178683386,8617.49,9542.4,12.41,26.53,NA,67.79,0.109540636,12.6,0.06,23.01,256,4266.7,0,13809.1,0.020,0.030,0.040,0.220,0.000,0.040,966.7,0.749216301,0.717868339,2.5,164,2,14,0,0.03,0.00,0.03,0.00,0.608431117,0.24137931,10.40137221,38.1,6.420120962
41,            Santo Condestavel,535.97,1201,3.8,16,65.14,4.3,0.124068452,9239.9,14847.1,12.95,21.52,754.4,78.18,0.114716107,9.6,1.03,31.01,2740,2660.2,0,17507.3,0.010,0.050,0.080,0.150,0.001,0.024,1166,0.560171129,0.514766768,1.58,1292,252,408,37,0.07,0.03,0.04,0.00,13.15704611,0.339716903,11.79133947,41.02,6.855589665
42,            Santo Estevao,391.2,245,1.1,7,99.25,3.5,0.219161677,7723.84,7428.9,10.09,25.45,NA,51.06,0.148501362,14.3,0.23,19.7,410,1782.6,1,9211.5,0.030,0.010,0.020,0.350,0.001,0.022,1065.2,0.710179641,0.68502994,0.78,607,10,50,4,0.04,0.01,0.03,0.00,2.538071066,0.204081633,9.656695157,27.2,7.661574618
43,            Santos-o-Velho,524.69,486,2.7,18,95.15,4.6,0.144158628,5456.6,7569.2,11.53,22.81,725,84.6,0.130520118,15,0.53,33.34,1894,3573.6,1,11142.8,0.030,0.060,0.080,0.220,0.000,0.046,917,0.618971061,0.601286174,0.53,753,73,117,8,0.07,0.03,0.04,0.00,3.50929814,0.240740741,11.97966676,42.89,6.202009456
44,            Sao Cristovao e Sao Lourenco,409.41,145,1.8,10,88.32,3.9,0.185520362,14050.02,17190.8,10.18,24.2,NA,60.8,0.170046802,15.9,0.08,21.12,513,6412.5,0,23603.3,0.060,0.030,0.030,0.270,0.000,0.028,1812.5,0.692307692,0.663650075,4.17,216,9,103,1,0.10,0.01,0.09,0.00,4.876893939,0.710344828,9.887540453,31.02,6.733717105
45,            Sao Domingos de Benfica,566.91,1430,6,22,46.1,4.6,0.08901215,4701.98,7831.6,15.79,21.18,714.2,103.2,0.087387053,10.8,4.31,48.16,13177,3057.3,0,10888.9,0.000,0.150,0.220,0.090,0.000,0.017,331.8,0.268092974,0.245972002,1.54,2990,510,348,16,0.04,0.03,0.02,0.00,7.225913621,0.243356643,14.37741401,55.4,5.493313953
46,            Sao Francisco Xavier,673.86,284,10.1,27,39.72,5.3,0.056557628,1834.45,3484.7,19.01,20.82,684.4,127.73,0.072377338,12.1,2.3,56.49,2018,877.4,0,4362.1,0.000,0.150,0.240,0.050,0.004,0.016,123.5,0.199327423,0.192907368,0.93,575,131,84,8,0.05,0.03,0.02,0.00,1.486988848,0.295774648,15.49426657,62.83,5.275659594
47,            Sao Joao,521.7,1171,3.7,16,62.83,4.2,0.142265982,6312.53,10087.2,11.68,25.65,364.4,75.09,0.147017642,10.8,1.51,21.3,2032,1345.7,1,11432.9,0.010,0.030,0.070,0.190,0.001,0.053,775.5,0.500142694,0.45119863,1.55,1563,127,291,22,0.05,0.01,0.03,0.00,13.66197183,0.248505551,10.41475096,29.22,6.947662805
48,            Sao Joao de Brito,609.27,608,6,22,53.38,5.2,0.071680376,3060.09,5258,14.46,20.76,NA,104.4,0.102179564,9.5,2.23,41.71,5985,2683.9,0,7941.9,0.000,0.070,0.160,0.080,0.000,0.043,272.6,0.415197807,0.400509205,1.23,706,115,101,3,0.03,0.02,0.01,0.00,2.421481659,0.166118421,13.52282995,54.16,5.83591954
49,            Sao Joao de Deus,661.08,700,4.7,18,61.8,5.3,0.074944568,6965.57,10596,13.08,19.06,685.7,114.75,0.083074189,10.4,0.92,50.54,8927,9703.3,0,20299.3,0.000,0.090,0.160,0.080,0.000,0.035,760.9,0.4654102,0.46097561,0.97,1141,69,411,5,0.08,0.01,0.06,0.00,8.132172537,0.587142857,14.8992789,59.16,5.761045752
50,            Sao Jorge de Arroios,579.58,1454,3.3,14,65.87,4.9,0.098606774,10324.15,15893.6,11.84,21.18,655.7,93.18,0.109964142,16,1.16,36.57,15604,13451.7,0,29345.3,0.000,0.060,0.140,0.160,0.001,0.142,1253.4,0.485347105,0.475498439,0.83,2058,194,632,29,0.07,0.02,0.05,0.00,17.28192508,0.434662999,12.81644837,44.54,6.220004293
51,            Sao Jose,523.27,292,2.9,13,78.85,4.4,0.138084633,7124.47,8310.9,10.76,21.45,600,74.43,0.135359116,16.9,0.33,27.88,4116,12472.7,0,20783.6,0.030,0.040,0.080,0.210,0.002,0.085,884.8,0.605048255,0.590200445,1.5,734,49,229,5,0.12,0.02,0.10,0.00,8.213773314,0.784246575,11.20875151,38.5,7.0303641
52,            Sao Mamede,635.44,396,1.8,8,75.02,5.3,0.071035941,5445.47,8815.6,13.13,18.79,695.6,115.34,0.091295938,13.5,0.61,50.79,10209,16736.1,0,25551.7,0.010,0.130,0.150,0.090,0.000,0.042,649.2,0.501057082,0.493868922,2.01,561,60,186,4,0.08,0.02,0.06,0.00,3.662138216,0.46969697,14.64467766,60.15,5.50927692
53,            Sao Miguel,355.41,216,1,7,107.08,3.3,0.225844005,21943.32,29495.4,6.5,23.15,NA,41.81,0.134848485,10.2,0.05,14.69,259,5180,0,34675.4,0.020,0.000,0.020,0.160,0.000,0.025,4320,0.821885914,0.800931315,1.59,177,11,106,8,0.11,0.01,0.09,0.01,7.215793057,0.490740741,8.172265904,27.5,8.500597943
54,            Sao Nicolau,550.05,97,0,0,94.81,5.1,0.09921671,4511.2,4674.5,10.78,28.01,787.5,96.36,0.08135169,26.7,0.26,25.85,5197,19988.5,1,24663,0.020,0.040,0.050,0.210,0.000,0.170,373.1,0.673629243,0.660574413,1.7,574,49,132,29,0.18,0.04,0.11,0.03,5.106382979,1.360824742,11.8349345,28.2,5.708281445
55,            Sao Paulo,478.75,327,1.8,12,68.68,4.6,0.136470588,4661.45,6212.2,10.73,23.04,NA,79.79,0.125879044,15,0.44,24.74,3899,8861.4,1,15073.6,0.020,0.030,0.040,0.330,0.002,0.044,743.2,0.680784314,0.654901961,1.92,427,42,206,0,0.12,0.02,0.10,0.00,8.326596605,0.629969419,10.75286416,34.03,6.000125329
56,            Sao Sebastiao da Pedreira,665.84,340,3.4,14,57.77,5.7,0.071062271,3775.99,5855.1,11.72,17.5,693.6,131.29,0.084220716,12.9,1.08,55.39,23470,21731.5,0,27586.6,0.000,0.170,0.240,0.080,0.001,0.055,314.8,0.43040293,0.424908425,0.82,743,110,240,6,0.09,0.03,0.06,0.00,4.332912078,0.705882353,15.48105377,62.3,5.07152106
57,            Sao Vicente de Fora,415.54,432,4.9,16,79.46,4,0.153153153,8368.78,11176.3,10.43,24.93,NA,66.86,0.137625517,12.8,0.32,21.47,813,2540.6,0,13716.9,0.040,0.020,0.050,0.270,0.003,0.051,1350,0.655405405,0.641328829,3.13,495,37,242,2,0.11,0.01,0.09,0.00,11.27154169,0.560185185,10.04490829,30.89,6.215076279
58,            Se,544.97,72,0.5,4,85.49,5.2,0.085365854,7259.21,7584.3,10.22,22.58,433.3,100.3,0.106837607,17.7,0.12,33.29,407,3391.7,0,10976,0.020,0.060,0.050,0.220,0.000,0.077,600,0.587804878,0.580487805,4.2,366,20,42,13,0.09,0.02,0.05,0.02,1.261640132,0.583333333,11.82614057,48.8,5.433399801
59,            Socorro,362.76,372,1.2,6,87.69,3.9,0.219457014,18860.78,27646.2,8.28,21.6,NA,51.93,0.175081967,21,0.11,11.96,866,7872.7,0,35518.9,0.050,0.000,0.020,0.430,0.004,0.139,3381.8,0.770739065,0.748868778,5.38,590,16,271,38,0.16,0.01,0.13,0.02,22.65886288,0.728494624,8.576993752,15.02,6.985557481
60,            Apelacao,260.62,256,17.3,31,31.06,4.3,0.246801706,1544.94,3962,43.23,29.81,413.6,84.53,0.238315952,8.7,1.43,5.13,282,197.2,0,4159.2,0.010,0.030,0.050,0.250,0.002,0.006,179,0.481876333,0.289445629,0.85,210,32,54,7,0.04,0.01,0.02,0.00,10.52631579,0.2109375,7.838842975,8.37,3.08316574
61,            Bucelas,326.26,176,32.4,39,49.67,4.6,0.115241636,76.95,137.3,38.24,25.86,622.9,93.93,0.087483176,8.8,33.97,9.15,1438,42.3,0,179.6,0.020,0.050,0.080,0.140,0.002,0.006,5.2,0.315454063,0.312267658,2.48,437,80,63,14,0.06,0.03,0.02,0.01,6.885245902,0.357954545,8.188298918,16.42,3.473437666
62,            Camarate,365.69,1643,14.9,29,38.41,4.1,0.226054156,1638.95,3496.5,47.96,28.53,476.5,73.17,0.173958225,12.6,5.66,5.42,2649,468,0,3964.5,0.030,0.040,0.070,0.250,0.009,0.018,290.3,0.51731106,0.485113835,2.96,1170,241,421,17,0.07,0.03,0.05,0.00,77.67527675,0.256238588,7.875699343,8.14,4.997813311
63,            Fanhoes,350.5,120,25,34,42.08,4.6,0.12754159,123.56,241,36.35,27.92,610.6,91.63,0.100780696,11.5,11.62,9.51,215,18.5,0,259.5,0.040,0.040,0.080,0.230,0.006,0.015,10.3,0.283733826,0.272643253,2.46,230,15,40,7,0.04,0.01,0.03,0.00,4.206098843,0.333333333,8.596713021,15.39,3.82516643
64,            Frielas,371.23,69,18.1,31,37.32,4.4,0.154716981,181.68,390.2,48.71,27.86,NA,86.48,0.118158123,9.8,5.56,7.63,2381,428.2,0,818.4,0.010,0.020,0.070,0.180,0.019,0.016,12.4,0.242767296,0.238993711,1.96,92,15,38,1,0.05,0.02,0.04,0.00,4.98034076,0.550724638,8.742967457,11.03,4.292668825
65,            Loures,425.34,971,19.2,32,37.48,4.7,0.118391023,416.22,829.1,44.11,25.11,545.2,101.99,0.10161695,12.2,33,17.33,8524,258.3,0,1087.4,0.010,0.070,0.160,0.160,0.001,0.012,29.4,0.236972233,0.228413846,1.92,2033,946,208,60,0.09,0.07,0.02,0.00,12.00230814,0.214212152,10.31138759,22.63,4.170408864
66,            Lousa,327.9,151,33,38,49.24,4.5,0.107509881,107.22,191.7,41.63,23.76,617.2,92.23,0.092020592,11,16.53,8.82,1210,73.2,0,264.9,0.020,0.050,0.080,0.160,0.001,0.003,9.1,0.272727273,0.268774704,1.05,346,23,52,18,0.05,0.01,0.03,0.01,5.89569161,0.344370861,8.123505976,15.24,3.555242329
67,            Moscavide,479.69,972,10.4,23,48.47,4,0.13497891,7256.78,12952,60.12,25.07,666.2,84.01,0.098832242,22.6,1.1,29.58,2005,1822.7,0,14774.7,0.000,0.170,0.180,0.160,0.000,0.044,883.6,0.399468833,0.394000937,2.31,814,161,148,2,0.04,0.02,0.02,0.00,5.003380663,0.152263374,11.43801788,40,5.709915486
68,            Sacavem,447.06,844,15.1,29,43.19,4.2,0.161294691,2335.05,4522.9,51.57,25.49,521.8,84.05,0.150914634,16.2,4.09,20.5,4656,1138.4,0,5661.3,0.010,0.140,0.160,0.200,0.000,0.033,206.4,0.359696641,0.31283857,1.16,1223,575,228,6,0.08,0.06,0.02,0.00,11.12195122,0.27014218,10.45050843,27.43,5.3189768
69,            Santa Iria de Azoia,376.44,712,19.7,29,29.27,4.6,0.117169704,1134.12,2412.7,47.72,27.54,556.9,95.24,0.11497006,9.9,7.56,11.97,3630,480.2,0,2892.9,0.000,0.070,0.110,0.140,0.001,0.011,94.2,0.251566059,0.248006834,2.12,849,110,146,23,0.03,0.01,0.02,0.00,12.19715957,0.20505618,9.277536467,17.28,3.952540949
70,            Santo Antao do Tojal,369.84,177,27.6,35,39.17,4.6,0.141677255,148.76,278.6,35.24,24.81,601,94.89,0.115949367,10,15.13,11.31,3664,242.2,0,520.8,0.020,0.070,0.130,0.170,0.003,0.006,11.7,0.287801779,0.275095299,1,267,32,37,22,0.04,0.01,0.02,0.01,3.271441202,0.209039548,8.48376353,17.53,3.897565602
71,            Sao Joao da Talha,369.33,808,16,26,28.83,4.6,0.151590767,1195.31,2700.9,44.6,27.51,494.9,95.14,0.13003166,10.1,6.39,9.34,2597,406.4,0,3107.3,0.010,0.030,0.100,0.160,0.002,0.012,126.4,0.278228322,0.270898316,1.89,564,88,148,11,0.03,0.01,0.02,0.00,15.84582441,0.183168317,8.881016949,13.83,3.881963422
72,            Sao Juliao do Tojal,342.86,119,22,33,39.31,4.5,0.173144876,135.18,289,33.99,28.09,440.6,89.84,0.152915292,9.9,13.28,6.64,5657,426,0,715,0.030,0.040,0.110,0.140,0.004,0.014,9,0.225441696,0.209893993,2.16,194,35,15,9,0.03,0.02,0.01,0.01,2.259036145,0.12605042,7.884097859,12.47,3.81634016
73,            Unhos,315.81,680,18.2,31,35.23,4.2,0.237317283,972.81,2121.2,42.11,31.11,539.3,74.26,0.162605133,10.2,4.48,4.74,457,102,0,2223.2,0.030,0.020,0.060,0.220,0.004,0.033,151.8,0.449125824,0.442820292,3.26,582,33,267,37,0.08,0.01,0.06,0.01,56.32911392,0.392647059,7.717916137,7.62,4.252760571
74,            Portela,603.71,228,11.2,27,32.17,5.3,0.060021209,5548.69,11978.9,63.78,24.86,615.3,125.7,0.092650009,9.8,0.99,46.07,862,870.7,0,12849.6,0.010,0.050,0.250,0.080,0.001,0.018,230.3,0.101590668,0.091198303,1.19,289,64,22,1,0.02,0.01,0.00,0.00,0.477534187,0.096491228,14.29848587,51.86,4.802784407
75,            Bobadela,434.23,232,13.7,24,40.64,4.5,0.092546412,1223.8,2476.5,53.48,25.7,524.4,93.35,0.102534825,13.1,3.57,18.14,2272,636.4,0,3112.9,0.000,0.090,0.150,0.140,0.001,0.016,65,0.198669992,0.194236631,0.73,562,138,32,3,0.04,0.03,0.01,0.00,1.764057332,0.137931034,10.39661679,25.27,4.651633637
76,            Prior Velho,380.93,319,13.7,32,36.14,4.1,0.204712813,2566.94,5406.6,57.99,26.1,538.2,83.91,0.136231884,12.7,1.32,19.68,5773,4373.5,0,9780.1,0.040,0.140,0.110,0.230,0.008,0.013,241.7,0.326951399,0.310014728,1.79,507,157,86,4,0.07,0.05,0.03,0.00,4.369918699,0.269592476,10.50017218,22.51,4.539744965
77,            Santo Antonio dos Cavaleiros,444.31,797,19.8,31,26.64,4.6,0.138834652,3283.71,7124.9,52.71,28.64,440.1,92.56,0.137482949,13.3,3.63,19.44,1265,348.5,0,7473.4,0.010,0.100,0.120,0.170,0.001,0.022,219.6,0.154763128,0.140273353,1.57,1301,418,127,0,0.05,0.04,0.01,0.00,6.532921811,0.159347553,11.29667387,20.62,4.800237684
78,            Azueira,307.09,74,41.7,46,45.83,5,0.094372294,104.29,208.4,41.21,22.34,523.9,114.13,0.072958501,9.8,15.18,10.31,454,29.9,0,238.3,0.020,0.080,0.060,0.160,0.001,0.015,4.9,0.126406926,0.124675325,2.06,220,49,39,23,0.07,0.03,0.02,0.01,3.782735209,0.527027027,8.153759398,18.63,2.690703584
79,            Carvoeira,393.02,86,54.5,52,25.22,5,0.094451004,202.12,262.4,51.05,28.12,571.3,122.32,0.115349682,22,8.21,20.53,83,10.1,1,272.5,0.010,0.120,0.060,0.130,0.001,0.002,10.5,0.160566706,0.152302243,0.82,94,56,23,3,0.05,0.03,0.01,0.00,1.120311739,0.26744186,10.62471783,30.6,3.213047744
80,            Cheleiros,325.4,63,47.6,48,41.69,4.9,0.090740741,68.6,117,41.28,20.32,565.8,106.95,0.112121212,12.6,11.52,8.68,158,13.7,0,130.7,0.030,0.090,0.050,0.170,0.000,0.007,5.5,0.183333333,0.183333333,3.9,189,8,17,1,0.03,0.01,0.02,0.00,1.958525346,0.26984127,8.015332198,18.09,3.042543245
81,            Encarnacao,339.38,116,60.1,56,35.35,5,0.10952381,85.26,168.3,31.48,23.65,525.1,119.15,0.101731602,12,28.51,8.48,849,29.8,1,198.1,0.010,0.070,0.030,0.220,0.001,0.021,4.1,0.106547619,0.092857143,1.93,215,58,45,26,0.05,0.02,0.02,0.01,5.306603774,0.387931034,8.212204922,17.16,2.848342426
82,            Enxara do Bispo,300.54,46,42.8,45,34.66,4.6,0.15301391,45.91,96.4,38.04,22.81,550.7,106.75,0.078144078,9.2,18.06,5.76,107,5.9,0,102.3,0.030,0.050,0.050,0.280,0.000,0.064,2.5,0.126738794,0.120556414,0.98,101,14,18,0,0.04,0.02,0.02,0.00,3.125,0.391304348,7.302947224,14.44,2.815362998
83,            Ericeira,444.07,521,53.8,51,27.56,4.8,0.112062453,752.77,851.4,35.44,26.2,556.8,115.55,0.110289937,18,12.05,21,1406,116.7,1,968.1,0.010,0.140,0.040,0.160,0.002,0.040,43.2,0.232183329,0.218332914,1.56,654,320,136,6,0.05,0.04,0.02,0.00,6.476190476,0.261036468,11.01179836,28.65,3.843098226
84,            Gradil,343.94,33,43.2,46,41.57,5.1,0.084474886,88.62,166.1,40.76,25.11,568.5,129.96,0.074545455,20.9,7.38,16.03,105,14.2,0,180.3,0.040,0.130,0.100,0.130,0.002,0.007,4.5,0.155251142,0.148401826,1.1,112,57,8,16,0.12,0.09,0.01,0.02,0.499064255,0.242424242,9.403437816,25.15,2.646506617
85,            Igreja Nova,352.71,120,43.8,45,37.63,5.1,0.075783972,60.35,118.9,44.13,23.94,578.2,122.93,0.091607944,15.9,25.55,16.15,499,19.5,0,138.4,0.020,0.120,0.060,0.140,0.001,0.010,4.7,0.157665505,0.155052265,0.52,198,28,42,24,0.06,0.02,0.03,0.02,2.600619195,0.35,9.689021956,24.68,2.86919385
86,            Mafra,416.22,709,44.4,47,29.34,4.9,0.089924321,190.15,375.1,33.37,23.07,503.2,117.81,0.086316008,18.1,47.95,21.41,3574,74.5,0,449.6,0.010,0.170,0.080,0.110,0.000,0.011,14.8,0.18845526,0.182668052,1.18,1170,423,230,69,0.08,0.05,0.03,0.01,10.74264362,0.324400564,11.14591117,26.07,3.532976827
87,            Malveira,409.43,363,37.3,40,41.33,4.6,0.099563665,336.32,664.2,41.98,24.15,485.4,107.97,0.089932127,19.2,9.78,18.7,4234,432.9,0,1097.1,0.010,0.210,0.080,0.100,0.001,0.030,37.1,0.278460928,0.270924236,1.33,449,171,119,29,0.10,0.05,0.04,0.01,6.363636364,0.327823691,10.6194825,23.56,3.792071872
88,            Milharado,389.76,155,36.7,42,32.33,5,0.101461039,126.27,287.5,46.9,24.52,506.5,121.79,0.070904645,14.2,24.43,14.89,2084,85.3,0,372.8,0.020,0.140,0.120,0.130,0.001,0.010,6.3,0.124188312,0.118912338,1.13,397,120,51,46,0.07,0.04,0.02,0.01,3.425117529,0.329032258,9.629562703,22.69,3.200262747
89,            Santo Estevao das Gales,321.71,35,41.5,48,40.49,4.8,0.124807396,49.59,96.1,43.19,25.83,593.8,105.54,0.086956522,10.5,17.79,9.21,274,15.4,0,111.5,0.030,0.070,0.080,0.160,0.002,0.009,2,0.118644068,0.115562404,0.96,108,17,21,2,0.05,0.02,0.02,0.00,2.280130293,0.6,8.163686382,19.31,3.04822816
90,            Santo Isidoro,408.05,87,57.2,53,29.26,5.1,0.094035088,95.32,153.6,28.4,23.82,588.8,126.06,0.099890231,15.7,24.83,15.21,462,18.6,1,172.2,0.020,0.090,0.040,0.160,0.001,0.011,3.5,0.104561404,0.101052632,2.04,225,86,31,8,0.05,0.04,0.01,0.00,2.038132807,0.356321839,9.389100127,25.85,3.236950658
91,            Sobral da Abelheira,333.65,26,56.3,53,38.13,4.9,0.083333333,40.78,74.6,26.96,25.84,600,116.77,0.072953737,11.1,15.45,7.51,83,5.4,0,80,0.040,0.060,0.030,0.180,0.007,0.024,1.7,0.103603604,0.101351351,1.25,105,9,8,1,0.03,0.01,0.01,0.00,1.065246338,0.307692308,8.064417178,17.85,2.857326368
92,            Vila Franca do Rosario,355.36,28,40.1,42,62.07,5.2,0.117834395,70.54,140.3,31,22.66,706.3,115.19,0.106481481,9.5,6.21,11.58,669,107.7,0,248,0.010,0.070,0.060,0.170,0.000,0.006,4.5,0.171974522,0.168789809,1.64,56,11,31,10,0.12,0.03,0.07,0.02,2.677029361,1.107142857,8.820689655,17.1,3.084990016
93,            Venda do Pinheiro,462.01,312,34.9,40,31.51,4.9,0.100171527,318.29,696.6,49.55,24.18,594.2,125.73,0.090699285,21,11.69,21.88,2807,240.1,0,936.7,0.020,0.240,0.120,0.090,0.001,0.008,26.7,0.165694683,0.162264151,1.48,554,219,74,10,0.08,0.06,0.02,0.00,3.382084095,0.237179487,11.17078861,28.63,3.674620218
94,            Sao Miguel de Alcainca,407.14,56,43.2,44,26.06,4.9,0.067466267,122.65,249.5,44.03,25.48,555,120.6,0.089536138,16.6,7.07,17.42,322,45.5,0,295,0.010,0.150,0.080,0.100,0.000,0.003,7.9,0.136431784,0.134932534,2.26,122,48,29,1,0.09,0.06,0.03,0.00,1.664753157,0.517857143,10.24750357,21.45,3.375953566
95,            Barcarena,423.25,345,16.9,33,31.58,4.7,0.101915566,711.51,1537.9,53.47,25.95,598.2,105.08,0.092051906,16,9.01,25.78,5494,609.8,0,2147.7,0.010,0.120,0.110,0.120,0.002,0.010,38.3,0.160870374,0.142830575,0.65,683,189,55,17,0.04,0.03,0.01,0.00,2.133436773,0.15942029,11.6351375,31.38,4.027883517
96,            Carnaxide,450.09,993,11.9,32,29.95,4.6,0.124987561,1800.8,3978.2,48.18,23.34,551.5,104.53,0.117050962,12.4,6.51,34.11,22927,3521.8,0,7500,0.000,0.140,0.110,0.140,0.000,0.008,152.5,0.244402428,0.161110558,1.8,961,258,136,12,0.03,0.02,0.01,0.00,3.987100557,0.136958711,12.55100118,38.32,4.305845212
97,            Oeiras e Sao Juliao da Barra,551.64,1670,18.4,37,36.67,4.6,0.106496345,2720.45,5029.2,49.97,28.21,606.1,103.67,0.107940831,14.2,6.73,37.35,7078,1051.7,1,6080.9,0.000,0.090,0.100,0.120,0.001,0.021,248.1,0.215793429,0.192909352,1.07,2101,508,226,25,0.04,0.03,0.01,0.00,6.050870147,0.135329341,13.37725122,44.01,5.321115077
98,            Paco de Arcos,481.08,954,17.8,36,34.62,4.4,0.15867052,2644.18,4512,51.24,27.97,716,94.06,0.110089432,16.1,3.39,35.6,7288,2149.9,1,6661.9,0.000,0.100,0.090,0.150,0.000,0.020,281.4,0.275289017,0.252745665,1.16,1135,199,204,2,0.05,0.02,0.02,0.00,5.730337079,0.213836478,13.16851018,38.9,5.114607697
99,            Alges,548.92,1034,10.3,26,44.47,4.6,0.093779803,5901.99,11254.7,55.75,22.53,605.8,108.43,0.09326716,14.9,1.98,42.57,11953,6036.9,1,17291.6,0.000,0.160,0.180,0.130,0.000,0.022,522.2,0.26586839,0.263643107,1.78,1379,254,249,12,0.04,0.02,0.02,0.00,5.84918957,0.240812379,13.69902238,49.57,5.062436595
100,            Cruz Quebrada-Dafundo,513.48,362,11.4,29,46.44,4.3,0.119006554,1247.98,2192.5,52.92,25.51,716.7,90.64,0.106145251,15.1,2.92,29.2,756,258.9,1,2451.4,0.010,0.120,0.130,0.170,0.000,0.017,124,0.333218351,0.327009314,1.94,430,130,65,4,0.05,0.04,0.02,0.00,2.226027397,0.179558011,11.6902075,39.82,5.665048544
101,            Linda-a-Velha,527.85,750,10.7,29,39.04,4.6,0.095533209,4439.42,8741.2,50.89,23.94,769.3,101.8,0.101814516,10.4,2.29,32.97,8836,3858.5,0,12599.7,0.000,0.060,0.100,0.120,0.000,0.017,327.5,0.194808232,0.190481759,0.99,656,141,145,6,0.03,0.01,0.01,0.00,4.397937519,0.193333333,12.7413041,39.46,5.185166994
102,            Porto Salvo,367.8,513,18.7,39,30.73,4.6,0.160205346,901.82,2064.2,39.77,26.61,593.3,97.72,0.141331575,10.7,7.34,19.78,12918,1759.9,0,3824.1,0.000,0.110,0.080,0.170,0.001,0.008,69.9,0.297751814,0.210125686,1.1,583,178,68,5,0.04,0.03,0.01,0.00,3.437815976,0.132553606,10.39306404,25.64,3.763814982
103,            Queijas,498.24,283,15.2,31,30.71,4.8,0.086410635,2041.23,4512.5,49.83,24.45,595.1,111.43,0.092455043,11.4,2.3,30.03,1469,638.7,0,5151.2,0.000,0.180,0.140,0.100,0.001,0.007,123,0.170605613,0.16863614,0.87,392,81,61,2,0.03,0.02,0.01,0.00,2.031302031,0.215547703,12.07334257,38.72,4.471327291
104,            Caxias,481.84,235,16.2,32,32.69,5.1,0.101016139,1159.5,2640.6,50.11,27.38,574.8,113.31,0.105461812,13.5,3.41,30.75,828,242.8,0,2883.4,0.010,0.120,0.110,0.120,0.001,0.012,68.9,0.231022116,0.173939032,0.66,355,84,31,4,0.03,0.02,0.01,0.00,1.008130081,0.131914894,12.20060992,37.21,4.252404907
105,            Algueirao-Mem Martins,406.52,2693,26.4,30,33.72,4.6,0.155172414,1928.73,4141.8,36.43,27.11,508.7,97.23,0.140064593,9.6,16,14.6,9418,588.6,0,4730.4,0.010,0.070,0.030,0.140,0.001,0.017,168.3,0.205079545,0.190583865,1.36,3985,1632,850,70,0.08,0.05,0.03,0.00,58.21917808,0.315633123,10.53542854,16.87,4.18101409
106,            Almargem do Bispo,319.29,361,26.7,32,37.61,4.8,0.118529412,113.8,225.7,41.81,23.91,637.2,104.19,0.110808356,9.8,39.8,9.95,1871,47,0,272.7,0.030,0.070,0.060,0.140,0.001,0.018,9.1,0.238235294,0.235,2.16,590,84,103,14,0.04,0.02,0.02,0.00,10.35175879,0.28531856,8.490655436,19.05,3.064497553
107,            Belas,416.25,724,17.1,24,33.58,4.5,0.160238043,489.83,1142.2,50.08,27.7,665.5,104.57,0.121108025,11.2,22.84,18.68,2915,127.6,0,1269.8,0.010,0.120,0.050,0.120,0.001,0.007,31.7,0.156931893,0.142274631,1.42,1247,318,141,10,0.04,0.03,0.01,0.00,7.548179872,0.194751381,10.87955451,23.76,3.980587166
108,            Colares,397.81,416,37.3,41,40.5,5,0.124497992,181.02,228.6,25.89,25.78,657.4,106,0.111081081,8.2,33.37,19.35,911,27.3,1,255.9,0.010,0.100,0.030,0.100,0.003,0.007,12.5,0.300200803,0.296184739,1.3,804,110,214,37,0.06,0.02,0.04,0.01,11.05943152,0.514423077,10.3236246,24.87,3.752924528
109,            Montelavar,308.88,200,34.8,37,45.98,4.7,0.113409415,206.4,412.9,20.16,19.51,498.5,90.26,0.134844193,5.2,8.62,8.01,880,102.1,0,515,0.010,0.050,0.050,0.160,0.001,0.003,23.2,0.350927247,0.345221113,2.11,235,17,42,9,0.04,0.01,0.02,0.01,5.243445693,0.21,8.210909091,16.44,3.422113893
110,            Queluz,405.62,1257,14.8,21,49.41,4.2,0.16627165,3771.08,7229.3,55.33,28.37,474.7,80.23,0.167060305,12.5,3.63,11.8,3551,978.2,0,8207.5,0.010,0.020,0.030,0.200,0.001,0.025,346.3,0.3023701,0.273108478,2.33,1935,316,199,10,0.04,0.02,0.01,0.00,16.86440678,0.158313445,9.63114864,14.49,5.05571482
111,            Rio de Mouro,453.76,1932,22.1,25,30.67,4.5,0.163359218,1334.01,2868.4,43.07,28.12,470.5,98.47,0.143228449,10.1,16.49,14.37,8315,504.2,0,3372.6,0.010,0.060,0.040,0.140,0.002,0.016,117.2,0.172792637,0.165487489,1.46,2771,887,441,39,0.06,0.04,0.02,0.00,30.68893528,0.22826087,10.52836343,16.84,4.608103991
112,            Sintra (Santa Maria e Sao Miguel),416.15,391,28.6,32,42.9,5,0.084727756,403.04,765.4,31.36,24.04,564.6,107.1,0.105136612,6.6,12.23,23.71,3100,253.5,0,1018.9,0.010,0.100,0.050,0.100,0.001,0.012,32,0.285790173,0.282602922,0.97,736,144,72,18,0.05,0.03,0.01,0.00,3.036693378,0.184143223,11.21204517,31.07,3.885620915
113,            Sao Joao das Lampas,375.12,642,40.1,40,33.15,4.9,0.117835122,116.75,198.1,22.65,24.83,594,107.26,0.112343722,8.4,57.5,13.61,1757,30.6,1,228.7,0.010,0.080,0.040,0.150,0.003,0.020,11.2,0.277003882,0.263987212,1.18,843,130,198,16,0.05,0.02,0.03,0.00,14.54812638,0.308411215,9.586079815,22.5,3.497296289
114,            Sintra (Sao Martinho),379.74,240,29,35,42.14,5.1,0.101345669,145.59,255.7,25.15,23.8,698.8,113.9,0.109501348,7.6,24.35,19.24,1647,67.6,0,323.3,0.010,0.110,0.040,0.110,0.001,0.003,9.9,0.256938604,0.253574432,1.01,532,63,90,21,0.05,0.02,0.03,0.01,4.677754678,0.375,10.18362376,27.96,3.333977173
115,            Sintra (Sao Pedro de Penaferrim),517.15,482,30.3,30,32.65,5.1,0.105186115,233.82,519.1,42.79,23.16,719.5,122.63,0.0985996,14.7,26.97,24.94,10566,391.8,0,910.9,0.010,0.240,0.100,0.070,0.002,0.008,17.9,0.175240485,0.170430782,1.09,946,276,89,22,0.06,0.04,0.01,0.00,3.568564555,0.184647303,11.50100445,33.59,4.217157302
116,            Terrugem,337.03,267,42.1,46,39.67,4.7,0.118644068,96.06,195.9,19.83,20.64,704,101.04,0.101390025,7.1,26.1,10.19,2895,110.9,0,306.8,0.020,0.080,0.040,0.120,0.003,0.021,10.2,0.306625578,0.303030303,1.49,324,25,67,12,0.04,0.01,0.03,0.00,6.575073602,0.25093633,8.624162624,18.65,3.33560966
117,            Pero Pinheiro,307.84,257,26.7,33,48.23,4.6,0.126785714,153.36,271.3,17.29,18.75,566.9,90.24,0.138565891,4.9,15.65,7.13,1961,125.3,0,396.6,0.030,0.050,0.050,0.170,0.001,0.020,16.4,0.398214286,0.392261905,1.89,606,63,186,108,0.15,0.03,0.08,0.05,26.08695652,0.723735409,8.172744722,15.19,3.411347518
118,            Casal de Cambra,422.87,807,20.9,26,29.3,4.4,0.208761734,2644.84,5854.3,59.65,29.47,511.6,89.96,0.150190672,14.1,2.17,8.72,1058,487.6,0,6341.9,0.000,0.050,0.080,0.170,0.003,0.017,371.9,0.362092088,0.328341529,1.01,905,157,305,13,0.08,0.03,0.05,0.00,34.97706422,0.377942999,9.070434953,11.77,4.700644731
119,            Massama,476.89,767,17.5,23,26.3,4.5,0.129533188,6940.68,15373.2,52.9,27.97,533.1,106.15,0.123739984,10,1.83,24.06,3426,1872.1,0,17245.3,0.000,0.030,0.040,0.100,0.001,0.020,419.1,0.107754947,0.103493987,0.99,1087,308,129,5,0.03,0.02,0.01,0.00,5.36159601,0.168187744,12.12419135,27.24,4.492604805
120,            Monte Abraao,412.23,937,15.8,22,29.86,4.3,0.182659523,7987.61,16551.9,53.98,29.5,412.5,87.56,0.142103802,12.5,1.26,16.75,653,518.3,0,17070.2,0.000,0.020,0.030,0.170,0.000,0.019,743.7,0.209936678,0.188382854,1.42,921,124,295,3,0.04,0.01,0.03,0.00,17.6119403,0.314834578,10.94938172,17.79,4.707971677
121,            Agualva,420.65,1333,19.5,24,37.72,4.3,0.184474488,3596.1,7423,46.41,30.93,472,88.54,0.149821324,10.1,4.83,11.18,2848,589.6,0,8012.6,0.000,0.030,0.020,0.190,0.002,0.023,276,0.183893008,0.176769879,1.81,2210,529,382,23,0.05,0.03,0.02,0.00,34.16815742,0.286571643,9.919191585,13.31,4.750960018
122,            Cacem,397.9,817,19.6,23,36.18,4.2,0.190218727,4618.47,9819.5,45.32,29.79,467,86.29,0.13905782,10.3,2.17,10.02,3182,1466.4,0,11285.9,0.000,0.030,0.020,0.190,0.000,0.019,376.5,0.204964365,0.197222905,1.97,1162,330,188,4,0.05,0.03,0.02,0.00,18.76247505,0.230110159,9.743059119,12.2,4.611194808
123,            Mira-Sintra,279.06,122,25.7,28,39.22,5.2,0.100294985,2065.72,4573.2,37.49,33.08,NA,96.12,0.191759919,6.6,1.15,5.9,343,298.3,0,4871.5,0.000,0.010,0.010,0.200,0.001,0.016,106.1,0.124385447,0.064896755,2.95,184,13,18,2,0.01,0.01,0.01,0.00,3.050847458,0.147540984,7.747869784,10.26,2.903245943
124,            Sao Marcos,439.75,894,22.5,26,28.3,4.1,0.218821729,3579.05,7651.1,59.26,29.42,601.8,87.5,0.124915402,19.3,2.28,14.91,1307,573.2,0,8224.3,0.010,0.010,0.020,0.130,0.001,0.015,392.1,0.168324407,0.160367253,1.82,1109,181,220,1,0.05,0.02,0.03,0.00,14.75519785,0.246085011,11.28219032,15.53,5.025714286
125,            Alhandra,301.25,310,34.9,34,49.97,4.3,0.120062573,1362.66,2580.6,33.29,25.03,592.1,81.41,0.147475481,7.8,2.34,8.97,917,391.9,0,2972.5,0.020,0.020,0.080,0.200,0.000,0.022,132.5,0.3957763,0.390301134,3.22,485,60,95,0,0.05,0.02,0.03,0.00,10.59085842,0.306451613,8.556716702,13.85,3.700405356
126,            Alverca do Ribatejo,378.57,1104,27,30,33.2,4.4,0.116653061,767.01,1605.3,41.99,26.51,472.8,96.8,0.114159871,12.1,19.35,17.07,8579,443.4,0,2048.7,0.010,0.110,0.180,0.150,0.002,0.033,57.1,0.195265306,0.188734694,1.43,1341,313,220,40,0.04,0.02,0.01,0.00,12.88810779,0.199275362,10.49366799,20.8,3.910847107
127,            Cachoeiras,320.68,11,39.2,43,48.07,5,0.128472222,37.37,77.6,38.94,23.75,812.5,127.83,0.087671233,7.2,9.87,12.6,37,3.7,0,81.3,0.040,0.080,0.110,0.100,0.007,0.063,1.1,0.079861111,0.079861111,5,33,7,2,1,0.03,0.02,0.01,0.00,0.158730159,0.181818182,8.844879518,20.72,2.508644293
128,            Calhandriz,397.73,11,30.9,34,45.71,4.9,0.063897764,66.64,111.9,45.82,26.75,547.5,114.74,0.095744681,8.6,7.16,11.06,137,19.1,0,131,0.020,0.060,0.150,0.150,0.000,0.000,1.5,0.086261981,0.079872204,8.7,83,4,4,5,0.03,0.01,0.01,0.01,0.361663653,0.363636364,8.513590844,18.82,3.466358724
129,            Castanheira do Ribatejo,323.02,272,39.5,37,43.15,4.5,0.120936735,211.44,443.6,36.37,22.44,445.8,94.24,0.137159032,10,16.91,9.75,2431,143.8,0,587.4,0.010,0.050,0.100,0.140,0.004,0.013,16.1,0.218105557,0.191541419,2.33,549,69,41,6,0.03,0.02,0.01,0.00,4.205128205,0.150735294,9.177570093,14.35,3.427631579
130,            Povoa de Santa Iria,421.66,865,20.7,28,31,4.5,0.111356932,2795.46,6379.1,57.66,28.34,500.9,103.58,0.093791976,13.3,4.6,19.5,3618,786.5,0,7165.6,0.000,0.140,0.120,0.120,0.001,0.007,188,0.14795354,0.139472714,1.44,1089,405,121,0,0.04,0.03,0.01,0.00,6.205128205,0.139884393,11.38331012,20.98,4.070863101
131,            Sao Joao dos Montes,308.66,121,37.2,38,29.39,4.9,0.089612127,159.15,333.7,40.92,27.43,535.9,118.65,0.102770619,9.4,18.03,14.47,248,13.8,0,347.5,0.020,0.100,0.180,0.130,0.003,0.015,6.7,0.12394115,0.121266161,2.16,268,105,51,2,0.06,0.04,0.02,0.00,3.524533518,0.421487603,9.8345484,20.36,2.601432786
132,            Vialonga,372.32,669,21.9,32,37.19,4.5,0.130113931,519.89,1173.1,49.36,28.06,453.1,93.84,0.116824034,12.7,17.93,10.86,3836,213.9,0,1387,0.010,0.110,0.150,0.150,0.006,0.010,37.3,0.202485759,0.182547903,1.86,933,253,133,12,0.04,0.03,0.01,0.00,12.24677716,0.198804185,9.675104229,13.39,3.967604433
133,            Vila Franca de Xira,316.06,847,36.2,34,43.03,4.5,0.117362696,47.48,85.5,33.25,24.17,564.4,92.87,0.125624792,9,212.79,16.64,5342,25.1,0,110.6,0.010,0.080,0.090,0.150,0.006,0.017,4,0.307909225,0.278904257,1.78,1791,401,137,11,0.05,0.04,0.01,0.00,8.233173077,0.161747344,9.97920031,22.35,3.403251857
134,            Sobralinho,397.42,222,29,33,46.66,4.4,0.124355005,530.27,1106.6,35.69,25.39,452.8,90.45,0.11852404,9.4,4.56,9.3,873,191.4,0,1298,0.030,0.080,0.140,0.160,0.007,0.033,48.7,0.230650155,0.222394221,1.78,285,61,76,14,0.06,0.03,0.03,0.01,8.172043011,0.342342342,9.334226553,11.88,4.393808734
135,            Forte da Casa,379.91,440,22.1,30,25.36,4.3,0.172535211,1116.38,2424.4,50.52,30.08,504.1,88.22,0.112918972,11.7,4.56,10.91,1516,332.5,0,2756.9,0.000,0.050,0.120,0.180,0.000,0.008,96.5,0.194835681,0.178403756,1.43,414,185,100,0,0.06,0.04,0.02,0.00,9.165902841,0.227272727,9.639338985,12.33,4.306393108
136,            Alfragide,589.31,221,9.7,19,29.12,5,0.056568861,3376.95,7420.8,65.17,21.97,775,116.88,0.082210243,12.7,1.33,47.6,15288,11494.7,0,18915.5,0.000,0.160,0.190,0.060,0.000,0.035,166.2,0.10679355,0.097805974,1.96,404,180,34,0,0.05,0.04,0.01,0.00,0.714285714,0.153846154,14.96093652,51.04,5.042008898
137,            Brandoa,314.55,1384,15.1,22,36.54,3.9,0.246459337,3761.82,8014.7,46.91,28.11,466.9,64.65,0.188297872,10.1,2.22,4.99,2491,1122.1,0,9136.8,0.010,0.020,0.040,0.240,0.001,0.013,623.4,0.669440794,0.576872536,2.69,968,104,322,20,0.05,0.01,0.04,0.00,64.52905812,0.23265896,7.722906404,7.69,4.865429234
138,            Buraca,378.62,547,11.9,23,32.91,4.4,0.197016882,4379.45,9577.9,51.88,24.05,NA,77.53,0.18423489,11.7,1.68,12.13,1258,748.8,0,10326.7,0.000,0.030,0.060,0.240,0.001,0.050,325.6,0.354532044,0.240944108,2.52,658,177,77,5,0.04,0.02,0.01,0.00,6.347897774,0.140767824,8.795950156,16.31,4.883528957
139,            Damaia,411.53,803,13.7,20,40.18,4.2,0.150044425,8094.93,14810.5,55.15,23.99,549.4,81.49,0.138973423,14,1.41,15.95,2630,1865.2,0,16675.7,0.010,0.060,0.090,0.190,0.003,0.065,569.5,0.238671701,0.23289649,2.43,1409,455,97,6,0.05,0.04,0.01,0.00,6.081504702,0.120797011,9.814710589,21.51,5.050067493
140,            Falagueira,393.48,593,14.1,23,39.7,4.1,0.169202475,4758.98,9843.8,51.41,25.66,477.3,76.16,0.163570458,10.1,1.48,12.18,1754,1185.1,0,11028.9,0.010,0.040,0.050,0.190,0.000,0.035,400.7,0.316000669,0.274703227,3.38,516,123,40,9,0.02,0.02,0.01,0.00,3.28407225,0.067453626,8.903238705,17.19,5.166491597
141,            Mina,426.94,774,14.3,23,39.34,4.2,0.171409305,3282.95,6390.6,53.18,27.05,510.7,79.42,0.171408663,15.8,2.81,13.8,1591,566.2,0,6956.8,0.010,0.060,0.090,0.190,0.001,0.034,275.4,0.288739042,0.280647336,2.15,1039,271,114,27,0.04,0.03,0.01,0.00,8.260869565,0.147286822,9.392297271,18.08,5.375723999
142,            Reboleira,392.14,1145,12.3,18,36.41,3.7,0.266209569,11356.61,18902.2,53.33,25.55,NA,67.8,0.165686945,16,0.76,14.7,1937,2548.7,0,21450.9,0.000,0.010,0.050,0.210,0.000,0.028,1506.6,0.319868833,0.310180355,4.7,1207,198,214,1,0.05,0.02,0.02,0.00,14.55782313,0.186899563,10.08163588,17.22,5.783775811
143,            Venteira,440.98,932,14.2,22,43.62,4.2,0.140549077,2150.75,3796,55.55,25.16,568.6,80.2,0.132618576,14.8,4.88,17.15,6390,1309.4,0,5105.4,0.000,0.050,0.070,0.160,0.000,0.045,191,0.313046647,0.307823129,2.93,1393,432,197,6,0.06,0.04,0.02,0.00,11.48688047,0.211373391,10.19327116,24.44,5.498503741
144,            Alfornelos,512.76,336,14.2,21,33.11,4.5,0.117857997,5854.99,12357.5,66.7,26.41,NA,96.01,0.126599792,13.2,0.84,29.99,600,714.3,0,13071.8,0.000,0.010,0.110,0.160,0.001,0.079,400,0.136265838,0.118336122,1.3,261,87,45,1,0.03,0.02,0.01,0.00,1.500500167,0.133928571,12.73006401,31.37,5.340693678
145,            Sao Bras,411.3,876,17.5,23,27.48,4.3,0.188877446,2205.86,5072,53.84,27.58,482.8,89.52,0.131972244,15,5.18,15.14,1846,356.4,0,5428.4,0.010,0.090,0.110,0.170,0.000,0.021,169.1,0.194644696,0.152214212,2.96,943,349,190,24,0.05,0.03,0.02,0.00,12.54953765,0.216894977,10.4258438,17.43,4.594504021
146,            Venda Nova,398.2,442,12.8,19,46.65,4.1,0.174590384,3926.07,7059.2,57.94,26.66,241.7,72.81,0.153278689,12.3,1.18,12.92,2329,1973.7,0,9032.9,0.020,0.010,0.050,0.170,0.001,0.047,374.6,0.354015579,0.345688961,1.67,505,53,95,6,0.03,0.01,0.02,0.00,7.352941176,0.214932127,9.141899288,18.49,5.46902898
147,            Canecas,361.96,583,22.3,29,30.83,4.7,0.138252945,930.79,2069.5,50.5,28.33,562.4,98.02,0.122110633,13.4,5.96,11.34,1444,242.3,0,2311.8,0.010,0.060,0.100,0.120,0.002,0.016,97.8,0.284952212,0.277394977,1.49,594,136,150,19,0.06,0.02,0.03,0.00,13.22751323,0.25728988,9.160824345,16.11,3.692715772
148,            Famoes,366.39,343,19.4,27,19.65,5,0.131448023,1080.66,2427.6,52.59,28.74,549.2,114.85,0.113904566,10.5,4.57,13.18,1659,363,0,2790.6,0.000,0.100,0.130,0.140,0.003,0.017,75.1,0.208431527,0.195600943,1.04,665,169,137,8,0.06,0.03,0.03,0.00,10.39453718,0.39941691,9.682744418,18.93,3.19016108
149,            Odivelas,415.37,2356,19.4,26,35.81,4.4,0.129650414,5789.64,11717.6,58.03,27.31,506.2,90.57,0.114234619,16.1,5.08,21.22,8675,1707.7,0,13425.3,0.000,0.110,0.190,0.180,0.003,0.031,463.8,0.231242466,0.216984661,1.74,2710,840,375,27,0.04,0.03,0.01,0.00,17.67200754,0.159168081,10.9262086,24.88,4.586176438
150,            Olival Basto,345.87,382,18.9,25,42.07,4,0.192197125,2232.82,4284.3,60.58,30.86,NA,73.51,0.150694444,13.7,1.36,10.17,592,435.3,0,4719.6,0.010,0.020,0.090,0.200,0.005,0.061,280.9,0.439425051,0.427104723,4.86,415,85,144,13,0.08,0.03,0.05,0.00,14.15929204,0.376963351,8.85024728,13.61,4.70507414
151,            Pontinha,355.91,1417,14.6,21,35.55,4.2,0.185452163,2488.28,4970.7,52.16,28.09,494.4,79.64,0.153704516,12.2,4.64,10.68,2446,527.2,0,5497.9,0.010,0.020,0.070,0.220,0.004,0.029,305.4,0.411861075,0.376583661,1.79,1319,176,431,23,0.05,0.02,0.04,0.00,40.35580524,0.304163726,8.765977871,14.19,4.468985434
152,            Povoa de Santo Adriao,397.98,511,18.8,26,34.41,4.4,0.153015995,5068.53,10573.4,55.7,27.85,479.5,86.59,0.140608284,12.8,1.24,12.95,1796,1448.4,0,12021.8,0.010,0.020,0.090,0.190,0.003,0.034,412.1,0.260551166,0.242243207,1.38,663,144,95,6,0.04,0.02,0.02,0.00,7.335907336,0.18590998,9.771355454,17.48,4.596142742
153,            Ramada,427.87,509,21,25,28.18,4.7,0.103022163,2414.96,5582.2,55.67,26.44,488,102.53,0.092765726,13.3,3.52,24,1913,543.5,0,6125.7,0.010,0.120,0.250,0.130,0.002,0.025,144.6,0.158361316,0.153660175,1.42,608,157,100,3,0.03,0.02,0.01,0.00,4.166666667,0.196463654,11.44757866,27.07,4.173120062
154,            Alcochete,445.52,438,34.6,36,37.36,4.8,0.08831113,52.12,102.5,47.56,24.01,591.4,110.96,0.123708111,17.3,119.44,22.55,3954,33.1,0,135.6,0.010,0.110,0.260,0.100,0.000,0.018,3.7,0.210356682,0.199183498,1.97,922,321,82,52,0.07,0.05,0.01,0.01,3.636363636,0.187214612,11.00170648,29.18,4.015140591
155,            Samouco,323.85,139,38.8,39,43.27,4.7,0.0976,327.43,660.1,51.86,23.13,508.3,106.22,0.129549661,14.3,4.76,13.76,144,30.3,0,690.4,0.010,0.060,0.160,0.120,0.001,0.009,29.2,0.2792,0.276,2.39,182,53,14,4,0.05,0.03,0.01,0.00,1.01744186,0.100719424,9.951694585,18.57,3.048860855
156,            Sao Francisco,413.37,72,36.3,36,27.53,4.9,0.085956416,251.1,525.5,56.03,24.23,650.4,133.41,0.089836661,27.4,4.16,27.8,137,32.9,0,558.4,0.020,0.250,0.330,0.080,0.002,0.014,17.3,0.180387409,0.180387409,3.68,147,116,13,3,0.13,0.11,0.01,0.00,0.467625899,0.180555556,11.40046838,37.29,3.098493366
157,            Almada,404.45,906,13,22,56.23,4.4,0.093933965,7569.34,12096.9,42.77,28.87,480.6,86.43,0.149072753,8.7,1.37,19.08,4560,3328.5,0,15425.4,0.010,0.030,0.130,0.190,0.001,0.025,661.3,0.386869721,0.381750704,1.01,1723,179,259,23,0.04,0.02,0.03,0.00,13.57442348,0.285871965,10.18080566,29.09,4.67950943
158,            Caparica,310.95,767,14.5,21,36.82,4.5,0.158616272,994.75,1857.5,36.29,28.19,500,86.03,0.183695869,8.8,11.01,12.06,2607,236.8,1,2094.3,0.010,0.040,0.080,0.200,0.002,0.023,69.7,0.418449712,0.233824471,2.45,1381,338,330,9,0.06,0.03,0.03,0.00,27.36318408,0.430247718,9.092718333,17.06,3.614436824
159,            Costa da Caparica,425.09,872,17.3,22,42.04,4.2,0.160506329,1374.5,1318.3,40.27,29.91,512,82.99,0.139079773,15,10.18,20.66,1565,153.7,1,1472,0.020,0.030,0.110,0.190,0.005,0.040,85.7,0.279493671,0.25721519,2.73,663,242,178,12,0.03,0.02,0.01,0.00,8.615682478,0.20412844,10.83797096,26.55,5.122183396
160,            Cova da Piedade,445.6,970,12.3,20,51.56,4.6,0.083038264,7657.33,13984,43.77,28.36,559.6,90.07,0.134098324,7.9,1.42,18.95,2628,1850.7,0,15834.7,0.010,0.050,0.160,0.180,0.001,0.035,683.1,0.278812107,0.275042833,1.68,1099,225,412,12,0.06,0.02,0.04,0.00,21.7414248,0.424742268,10.37069701,26.54,4.94726324
161,            Trafaria,334.71,174,18.6,25,50.88,4.4,0.159904535,573.79,993.4,32.64,31.7,632.1,77.22,0.202714165,7.8,5.73,6.61,231,40.3,1,1033.7,0.040,0.010,0.060,0.220,0.081,0.033,30.4,0.407637232,0.378042959,2.71,288,47,71,5,0.04,0.02,0.02,0.00,10.74130106,0.408045977,8.022078734,13.51,4.334498834
162,            Cacilhas,419.63,284,13.7,24,51.15,4.5,0.099283154,3416.53,5523.2,46.72,31.38,NA,92.45,0.131693772,10.4,1.09,21.03,1087,997.2,0,6520.4,0.010,0.020,0.090,0.200,0.000,0.017,260.6,0.32688172,0.32078853,1.69,718,101,56,9,0.04,0.03,0.02,0.00,2.662862577,0.197183099,10.70593641,28.19,4.538994051
163,            Pragal,370.47,201,12.8,21,49.88,4.6,0.127402135,1489.32,3151.3,41.98,26.93,NA,94.97,0.157970183,8,2.27,24.84,2432,1071.4,0,4222.7,0.010,0.040,0.180,0.180,0.001,0.018,88.5,0.313523132,0.148398577,1.35,283,71,43,0,0.03,0.02,0.01,0.00,1.731078905,0.213930348,11.23324136,32.89,3.900916079
164,            Sobreda,391.88,373,14.4,22,26.35,5,0.096312209,1122.51,2459.8,41.04,28.21,469.3,111.62,0.120015844,10.1,6.17,20.86,1305,211.5,0,2671.3,0.000,0.090,0.220,0.110,0.003,0.009,60.5,0.163265306,0.134264232,2.74,552,217,69,12,0.04,0.03,0.01,0.00,3.307766059,0.184986595,10.7793829,26.89,3.510840351
165,            Charneca de Caparica,473.4,707,19.2,24,22.82,5.2,0.082879942,786.89,1286.1,43.11,30.44,647.5,124.24,0.108295241,13,23.14,25.15,2761,119.3,0,1405.4,0.000,0.110,0.220,0.090,0.001,0.015,30.6,0.114889373,0.109357998,1.63,1248,408,208,17,0.03,0.02,0.01,0.00,8.270377734,0.294200849,11.57464372,33.83,3.810367032
166,            Laranjeiro,436.41,1029,13.6,24,41.9,4.4,0.156530051,2720.51,5415.2,40.47,29.76,480.4,84.74,0.181018613,9.6,3.88,12.18,2354,606.7,0,6021.9,0.010,0.030,0.130,0.220,0.002,0.029,265.2,0.317959135,0.266579042,2.54,1098,276,259,30,0.05,0.03,0.02,0.00,21.26436782,0.25170068,9.285402928,15.32,5.149988199
167,            Feijo,392.67,906,13.6,22,33.92,4.5,0.123215922,2343.39,4785.6,40.74,29.15,492.8,91.98,0.125725134,9.7,3.95,17.63,2540,643,0,5428.6,0.010,0.050,0.170,0.160,0.001,0.022,229.4,0.237265942,0.210815765,1.74,838,261,145,16,0.05,0.03,0.02,0.00,8.22461713,0.16004415,10.43045647,22.08,4.269080235
168,            Barreiro,307.51,379,33.3,41,61.48,4.6,0.089712919,1341.44,2009.3,41.19,30.99,511.5,90.14,0.154368632,7.6,3.71,24.23,4341,1170.1,0,3179.4,0.040,0.040,0.150,0.160,0.003,0.018,102.2,0.353169856,0.347488038,2.13,1228,313,196,45,0.11,0.06,0.04,0.01,8.089145687,0.517150396,11.08858629,34.76,3.411471045
169,            Lavradio,342.97,392,39.1,38,44.03,4.4,0.109053847,1812.38,3581.6,48.49,33.74,427.7,90.33,0.141974422,10.2,4.03,12.97,1915,475.2,0,4056.8,0.000,0.110,0.150,0.150,0.000,0.018,97.3,0.215729574,0.211143197,1.77,711,324,94,23,0.06,0.04,0.01,0.00,7.247494217,0.239795918,9.740924913,17.84,3.796855973
170,            Palhais,339.42,52,28.5,32,28.4,5.1,0.057534247,128.81,262.8,43.74,28.44,446,125.01,0.110552764,9.7,7.11,25.79,617,86.8,0,349.6,0.010,0.140,0.300,0.110,0.014,0.032,7.3,0.150684932,0.149315068,1.6,96,38,15,11,0.07,0.04,0.02,0.01,0.581620783,0.288461538,11.44832041,34.92,2.715142789
171,            Santo Andre,332.16,358,37.1,35,36.18,4.4,0.109106347,1360.27,2744.9,44.71,32.09,471.8,90.01,0.138772537,8.2,4.18,14.09,936,223.9,0,2968.8,0.000,0.030,0.170,0.150,0.002,0.020,85.6,0.208872851,0.196985778,1.47,568,137,50,2,0.03,0.02,0.01,0.00,3.54861604,0.139664804,9.632172235,20.85,3.690256638
172,            Verderena,339.32,454,32.6,36,45.21,4.3,0.1152513,4612.59,8289.4,49.64,35.24,473.7,80.09,0.159461844,9.9,1.24,10.97,340,274.2,0,8563.6,0.000,0.020,0.120,0.190,0.001,0.014,366.1,0.278596187,0.273830156,2.37,484,136,121,22,0.05,0.02,0.02,0.00,11.03008204,0.266519824,9.134451019,16.69,4.236733675
173,            Alto do Seixalinho,326.82,680,38.8,37,43.91,4.2,0.119075279,6225.15,11386,45.65,33.84,463.1,82.6,0.168928772,9.2,1.76,10.66,1361,773.3,0,12159.3,0.010,0.030,0.140,0.200,0.001,0.009,386.4,0.242565056,0.231412639,2.32,1462,298,158,20,0.04,0.03,0.01,0.00,14.8217636,0.232352941,8.981578795,15.66,3.956658596
174,            Santo Antonio da Charneca,336.3,237,34.3,32,32.73,4.9,0.116016909,693.68,1498.8,44.77,32.48,608.9,108.18,0.157885305,9,7.7,14.69,564,73.2,0,1572,0.010,0.060,0.170,0.140,0.004,0.017,30.8,0.135744481,0.111319868,1.94,546,163,37,14,0.04,0.03,0.01,0.00,2.518720218,0.156118143,9.747069198,21.6,3.108707709
175,            Coina,281.83,41,25.7,27,48.32,4.5,0.131771596,134.82,258.2,49.57,26.13,496.7,87.05,0.17193426,11.7,6.67,9.02,858,128.6,0,386.8,0.050,0.080,0.120,0.090,0.003,0.012,6.1,0.181551977,0.175695461,3.16,117,31,9,5,0.05,0.03,0.01,0.01,0.997782705,0.219512195,8.046448087,13.44,3.237564618
176,            Alhos Vedros,337.25,397,39.6,40,36.3,4.6,0.107403015,458.81,840.4,55.71,30.14,445.4,96.08,0.152661622,11.1,17.91,11.2,2190,122.3,0,962.7,0.020,0.070,0.150,0.140,0.002,0.018,22.2,0.169405387,0.163645604,1.39,1708,322,66,83,0.06,0.04,0.01,0.01,5.892857143,0.166246851,9.56309123,15.9,3.510095754
177,            Baixa da Banheira,310.34,634,39.5,38,40.65,4.1,0.164472191,2938.64,5265.2,55.23,31.89,465.1,78.1,0.182750052,8.2,4,7.25,1280,320,0,5585.2,0.020,0.010,0.100,0.210,0.001,0.012,158.5,0.253575482,0.247900114,1.32,1855,321,219,91,0.05,0.03,0.02,0.01,30.20689655,0.345425868,8.497004992,11.61,3.97362356
178,            Moita,366.42,423,38.8,40,38.53,4.7,0.100999706,502.86,983.9,46.76,25.68,521.8,100.5,0.154575957,8.5,17.94,12.49,2281,127.1,0,1111,0.010,0.030,0.160,0.130,0.001,0.018,23.6,0.170685093,0.158923846,1.8,1234,218,95,120,0.05,0.02,0.01,0.01,7.606084868,0.224586288,9.510947922,17.97,3.645970149
179,            Gaio-Rosario,391.25,10,40.8,43,33.15,4.8,0.095444685,66.82,138.7,42.28,25.34,532.5,110.35,0.118794326,6.3,8.84,13.17,22,2.5,0,141.2,0.020,0.040,0.220,0.140,0.000,0.013,1.1,0.221258134,0.20824295,1.15,99,7,3,7,0.03,0.01,0.01,0.01,0.227790433,0.3,9.365612648,20.72,3.545536928
180,            Sarilhos Pequenos,275.15,33,38.9,41,34.72,4.5,0.112385321,149.79,277.4,47.35,25.72,522.6,91.94,0.1015625,7.8,4.15,11.95,46,11.1,0,288.5,0.020,0.060,0.160,0.080,0.002,0.000,8,0.318807339,0.316513761,2.2,157,24,2,0,0.04,0.04,0.00,0.00,0.167364017,0.060606061,8.532157676,23.48,2.992712639
181,            Vale da Amoreira,253.98,263,31.1,37,29.5,4.6,0.219618056,1843.98,4082.8,48.8,34.49,515,86.53,0.275968992,10.1,2.42,6.02,184,76,0,4158.8,0.010,0.010,0.060,0.280,0.002,0.024,108.7,0.274305556,0.168113426,2.7,547,105,55,3,0.04,0.02,0.01,0.00,9.136212625,0.209125475,8.470025745,7.68,2.935166994
182,            Canha,271.76,54,67.4,56,48.26,4.7,0.108108108,5.68,8,21.76,21.54,488.9,92.15,0.096,10.2,211.97,6.3,310,1.5,0,9.5,0.050,0.020,0.110,0.050,0.000,0.044,0.3,0.136636637,0.132132132,2.64,355,19,7,40,0.06,0.02,0.01,0.03,1.111111111,0.12962963,6.459785523,12.24,2.949104721
183,            Montijo,391.02,1261,35.5,38,44.36,4.7,0.083513739,571.75,1097.5,41.28,25.3,465.3,102.69,0.136075949,15.4,27.25,17.78,5766,211.6,0,1309.1,0.010,0.070,0.210,0.130,0.002,0.017,46.3,0.259034138,0.23397169,2.62,2146,779,271,159,0.08,0.05,0.02,0.01,15.24184477,0.214908803,10.47496487,22.49,3.807770961
184,            Santo Isidro de Pegoes,290.63,40,57.5,51,40.39,4.9,0.123263889,14.53,27.7,31.79,26,622.1,113.56,0.135135135,12.7,55.5,7.56,283,5.1,0,32.8,0.020,0.040,0.120,0.090,0.014,0.058,0.7,0.111111111,0.111111111,2.22,124,14,13,6,0.04,0.02,0.02,0.01,1.71957672,0.325,7.87434161,14.29,2.559263825
185,            Sarilhos Grandes,318.71,143,37.9,39,38.88,4.6,0.137490609,148.99,291,37.8,21.54,598.8,100.2,0.135352287,13.3,11.77,8.74,324,27.5,0,318.5,0.030,0.020,0.140,0.150,0.004,0.053,12.1,0.229151014,0.221637866,1.65,228,30,32,21,0.05,0.02,0.02,0.01,3.661327231,0.223776224,8.121212121,15.65,3.180738523
186,            Alto-Estanqueiro-Jardia,402.37,95,35.6,35,40.22,4.6,0.141666667,118.31,258.2,31.22,19.31,619,103.79,0.139553429,9,11.02,5.75,814,73.9,0,332.1,0.040,0.030,0.150,0.140,0.003,0.027,8.6,0.161111111,0.155555556,6.04,101,23,8,0,0.02,0.02,0.01,0.00,1.391304348,0.084210526,7.165636588,12.97,3.876770402
187,            Pegoes,322.78,90,63.1,56,32.83,4.6,0.140291807,47.21,97.8,30.13,20.37,439.4,93.88,0.099284436,11.5,24.27,5.45,887,36.5,0,134.3,0.020,0.020,0.120,0.070,0.011,0.039,3.7,0.171717172,0.162738496,3.31,115,28,19,2,0.04,0.02,0.02,0.00,3.486238532,0.211111111,7.426116838,12.02,3.438219003
188,            Atalaia,466.98,106,47.8,46,26.51,4.8,0.085580305,436.55,852.2,55.47,25.37,682.3,119.03,0.089058524,19.3,2.63,24.22,219,83.3,0,935.5,0.010,0.160,0.220,0.100,0.001,0.016,40.3,0.234466589,0.23094959,3.42,202,87,11,15,0.10,0.08,0.01,0.01,0.454170107,0.103773585,11.12817617,32.77,3.923212635
189,            Afonsoeiro,412.44,347,31.5,34,41.25,4.6,0.098025388,908.64,1711.5,51.36,26.82,476.1,101.85,0.137463698,29,4.21,23.12,1403,333.3,0,2044.8,0.010,0.110,0.430,0.130,0.002,0.020,82.4,0.227080395,0.218970381,1.67,682,412,57,14,0.13,0.11,0.01,0.00,2.465397924,0.16426513,11.21347542,26.32,4.049484536
190,            Marateca,328.93,89,63.3,51,34.15,4.7,0.131078224,14.11,28.4,35.73,23.44,668.5,101.75,0.16724537,10.2,130.59,5.95,761,5.8,0,34.2,0.040,0.020,0.140,0.120,0.002,0.019,0.7,0.136715997,0.133897111,1.96,169,29,24,8,0.03,0.02,0.01,0.00,4.033613445,0.269662921,7.1326563,14.66,3.232727273
191,            Palmela,389.68,439,43.6,43,31.19,5,0.082726569,116.69,225.6,42.27,22.96,645.1,123.04,0.126076932,11.4,77.51,17.74,6205,80.1,0,305.7,0.010,0.060,0.190,0.090,0.002,0.012,5.7,0.148257165,0.142370256,1.83,1207,255,75,78,0.05,0.03,0.01,0.01,4.227733935,0.170842825,10.00434016,27.53,3.16710013
192,            Pinhal Novo,385.42,811,41.8,39,31.3,4.6,0.121375661,229.63,459.1,41.5,25.48,515.9,103.18,0.136915888,12.4,54.44,13.45,2982,54.8,0,513.9,0.010,0.030,0.210,0.110,0.001,0.010,14.9,0.135449735,0.132910053,1.51,1482,482,92,71,0.05,0.04,0.01,0.01,6.840148699,0.113440197,9.829858907,18.15,3.73541384
193,            Quinta do Anjo,442.85,340,38.9,43,23.48,5,0.087747215,144.51,232.1,47.71,25.68,551.5,121.56,0.133038448,18.7,51.13,19.7,9466,185.1,0,417.2,0.020,0.080,0.300,0.070,0.004,0.017,6.6,0.133666742,0.132075472,1.98,1328,458,237,34,0.10,0.06,0.03,0.00,12.03045685,0.697058824,10.31174545,28.73,3.643056927
194,            Poceirao,293.6,82,53,51,35.02,4.6,0.173356603,15.95,31.5,28.58,23.8,608.3,98.44,0.14571949,9.8,151.46,4,564,3.7,0,35.2,0.030,0.020,0.110,0.100,0.013,0.017,0.5,0.082024433,0.070971495,4.69,256,39,43,27,0.05,0.02,0.02,0.01,10.75,0.524390244,6.916937703,10.02,2.982527428
195,            Aldeia de Paio Pires,365.94,379,24.9,32,36.83,4.4,0.132497589,400.87,828.2,43.91,28.83,446.9,88.84,0.140919894,9.6,16.01,14.34,4416,275.8,0,1104,0.010,0.060,0.200,0.160,0.002,0.014,23.7,0.174349084,0.155834137,2.62,619,280,52,8,0.05,0.04,0.01,0.00,3.626220363,0.137203166,10.13746605,17.27,4.1190905
196,            Amora,411.53,1722,22.3,32,29.64,4.7,0.132695306,983.21,1996.3,45.78,30.01,533.2,97.5,0.158062777,10.5,24.36,12.51,4654,191.1,0,2187.4,0.010,0.040,0.140,0.180,0.005,0.081,70.7,0.177590193,0.161675359,2.26,2417,672,321,34,0.04,0.03,0.01,0.00,25.65947242,0.18641115,9.588389604,16.72,4.220820513
197,            Arrentela,358.82,837,21.8,30,29.38,4.5,0.135496523,1413.54,2841,42.23,28.73,471.7,91.17,0.151892702,9.2,10.17,12.14,2836,278.9,0,3119.9,0.010,0.040,0.170,0.160,0.002,0.015,82.3,0.164556962,0.146817615,1.87,1565,534,197,31,0.05,0.04,0.01,0.00,16.22734761,0.235364397,9.665391492,15.88,3.935724471
198,            Seixal,389.36,157,23.7,34,71.95,4.3,0.093268451,505.63,744.6,46.34,30.32,435.6,83.87,0.108862526,11.9,3.73,25.22,1920,514.7,0,1259.3,0.030,0.080,0.120,0.160,0.002,0.011,42.1,0.340632603,0.338199513,1.18,419,110,64,28,0.11,0.06,0.03,0.01,2.537668517,0.407643312,11.11366539,32.11,4.642422797
199,            Corroios,432.24,1277,16.4,29,24.55,4.8,0.100054259,1334.51,2785.5,61.32,31.01,551.1,104,0.12134213,14.3,17.11,18.84,4487,262.2,0,3047.7,0.010,0.060,0.220,0.140,0.001,0.021,74.6,0.111394466,0.107813348,1.85,1498,597,270,7,0.04,0.03,0.01,0.00,14.33121019,0.211433046,10.95201799,22.98,4.156153846
200,            Fernao Ferro,397.01,300,25.6,34,19.29,5.2,0.081709514,418.38,707.1,47.23,30.36,519.7,129.4,0.134062927,14.3,24.13,13.88,1199,49.7,0,756.8,0.010,0.070,0.230,0.070,0.006,0.029,12.4,0.078925823,0.072539709,2.43,912,381,72,34,0.05,0.04,0.01,0.00,5.187319885,0.24,9.562973352,22.62,3.068083462
201,            Sesimbra (Castelo),384.47,491,37.9,47,25.27,4.8,0.110368824,75.75,106.3,28.17,23.81,505.2,110.61,0.115875228,9.2,179.29,16.15,2972,16.6,1,122.9,0.010,0.070,0.110,0.110,0.002,0.018,2.7,0.131802366,0.11802366,1.54,1181,573,117,18,0.05,0.04,0.01,0.00,7.244582043,0.238289206,9.873860278,22.33,3.475906338
202,            Sesimbra (Santiago),344.02,273,40.7,53,52.1,4.2,0.149880668,3001.16,2401.4,19.05,20.23,422.5,75.52,0.129078014,5.1,2.02,7.71,1379,682.7,1,3084.1,0.010,0.020,0.050,0.340,0.003,0.018,135.1,0.418615752,0.380906921,1.14,552,258,49,13,0.05,0.04,0.01,0.00,6.35538262,0.179487179,7.614349776,16.07,4.555349576
203,            Quinta do Conde,425.2,785,33.6,39,18.5,4.8,0.107340345,861.87,1808.1,57.61,30.79,467,112.68,0.129013168,20.9,14.16,13.25,1835,129.6,0,1937.7,0.000,0.050,0.250,0.070,0.001,0.118,55.4,0.113954245,0.105930825,1.71,1103,374,143,7,0.04,0.03,0.01,0.00,10.79245283,0.182165605,10.25163239,16.66,3.773517927
204,            Setubal (Nossa Senhora da Anunciada),321.23,570,52.3,51,49.79,4.6,0.094286716,266.85,471,19.74,22.08,530.3,92.95,0.173064085,6,29.17,13.28,2970,101.8,1,572.8,0.020,0.030,0.100,0.180,0.002,0.013,19.5,0.281458114,0.259376095,2.37,1164,227,197,48,0.06,0.03,0.03,0.01,14.83433735,0.345614035,9.143240298,21.31,3.455944056
205,            Setubal (Santa Maria da Graca),325.26,482,49.6,45,66.9,4.4,0.128429656,1745.42,2780.1,22.3,22.45,566.5,87.47,0.175424193,8.8,2.74,15.19,1755,640.5,1,3420.6,0.020,0.040,0.090,0.190,0.002,0.031,175.9,0.348219498,0.333333333,2.62,847,106,193,40,0.07,0.02,0.04,0.01,12.70572745,0.400414938,9.943472409,20.98,3.718532068
206,            Setubal (Sao Juliao),408.9,672,50.1,47,54.36,4.8,0.077153025,1940.92,3451,26.62,23.33,553.5,109.12,0.132665991,6.5,4.85,28.1,5257,1083.9,1,4534.9,0.010,0.070,0.180,0.150,0.001,0.014,138.6,0.224483986,0.220782918,1.79,1577,325,193,14,0.06,0.03,0.02,0.00,6.868327402,0.287202381,12.02104394,36.87,3.747250733
207,            Sao Lourenco,422.54,267,36.3,47,25.74,5.2,0.069053708,132.97,246.4,48.81,29.38,640.9,127.35,0.123778502,16.5,47.24,23.95,1603,33.9,0,280.3,0.010,0.110,0.230,0.060,0.003,0.009,5.7,0.120437108,0.113926994,1.93,739,238,70,29,0.05,0.04,0.01,0.00,2.922755741,0.262172285,11.38813648,32.22,3.317942678
208,            Setubal (Sao Sebastiao),392.55,2137,49.7,47,41.63,4.5,0.13280943,1001.91,2038,20.32,21.42,447.3,92.57,0.175456233,5.8,25.78,11.78,8283,321.3,1,2359.3,0.010,0.040,0.120,0.200,0.004,0.024,82.9,0.246168959,0.190569745,2.41,3398,995,514,116,0.06,0.04,0.02,0.00,43.63327674,0.240524099,9.387094545,16.49,4.2405747
209,            Sao Simao,416.84,118,39.6,43,20.97,5.3,0.061532508,170.34,328,48.65,28.89,692.2,137.29,0.10374891,17.5,22.07,24.03,1169,53,1,381,0.010,0.190,0.270,0.050,0.003,0.007,5.3,0.089783282,0.089009288,0.5,281,87,27,15,0.03,0.02,0.01,0.00,1.123595506,0.228813559,11.16441171,35.89,3.036200743
210,            Gambia-Pontes-Alto da Guerra,306.36,116,50.7,45,27.47,4.9,0.091296121,76.26,178.5,23.12,22.21,593.6,118.1,0.114516672,5.9,32.97,17.22,950,28.8,0,207.3,0.020,0.070,0.190,0.140,0.003,0.005,3.5,0.118732261,0.117786187,1.37,250,82,24,4,0.04,0.03,0.01,0.00,1.393728223,0.206896552,9.703501782,24.53,2.59407282
211,            Sado,294.96,131,52.2,47,32.47,4.7,0.116744186,37.58,88.3,16.97,22.36,555.6,100.45,0.145695364,4.9,65.49,6.64,3307,50.5,1,138.8,0.020,0.010,0.100,0.140,0.001,0.031,2,0.125116279,0.117674419,1.98,151,14,31,8,0.02,0.01,0.01,0.00,4.668674699,0.236641221,8.109172078,12,2.936386262
