"","location","mean_rent","num_contracts","CBD_dist","CBD_mins","build_age","num_rooms","over_load","dens_household","dens_pop","commuters","tspend_commuters","month_cost","area","unemp_rate","new_households_5","area_D","higher_edu","num_jobs","dens_jobs","shore","rent_m2"
"1","            Alcabideche",452.29,1771,28.6,39,29.66,4.7,0.152978016,497.62,1060.2,26.3,24.03,649.6,103.57,0.126880904,10.3,39.77,18.18,9516,239.3,1,4.36699816549194
"2","           Carcavelos",541.02,1052,21.8,32,34.72,4.7,0.089469437,2739.64,5177,54.6,28.77,634.8,104.29,0.104057481,16.6,4.51,37.66,3136,695.3,1,5.18764982261003
"3","           Cascais",617.71,2294,26.2,35,31.69,5,0.119597641,1120.45,1742.4,33.8,26.64,726.6,115.69,0.120580883,12.2,20.32,33.19,9319,458.6,1,5.33935517330798
"4","           Estoril",570.1,1511,25.9,34,37.34,4.9,0.115416024,1818.54,2987,39.86,27.95,675.1,112.52,0.127203003,13.2,8.84,34.78,4817,544.9,1,5.06665481692144
"5","            Parede",552.41,929,23,37,37.72,4.9,0.091946383,3368.48,6016.4,47.03,29.14,744.2,111.03,0.108543899,14.1,3.6,36.91,4970,1380.6,1,4.97532198504909
"6","            Sao Domingos de Rana",458.51,1897,20.4,31,27.55,4.7,0.125508506,1279.59,2823.7,40.81,25.92,558.2,102.24,0.123821851,11.4,20.36,20.55,9207,452.2,0,4.48464397496088
"7","            Ajuda",435.26,839,8,25,69.74,4.1,0.166280081,3109.08,5456.9,15.48,25.48,653.4,68.85,0.15576658,8.6,2.86,16.63,2234,781.1,0,6.32185911401598
"8","            Alcantara",476.8,1046,5.9,24,73.12,4.3,0.143120393,2010.09,3142,14.19,23.72,679.9,75.79,0.113928062,12.2,4.44,27.2,6519,1468.2,1,6.29106742314289
"9","            Alto do Pina",532.86,534,3.8,15,50.43,4.6,0.116491854,7293.05,12319.6,12.79,21.58,498.9,97.8,0.107044471,10.1,0.84,38.94,6570,7821.4,0,5.44846625766871
"10","            Alvalade",619.46,575,5.4,20,56.7,4.9,0.078474247,9062.71,14898.5,13.25,19.94,740.6,105.22,0.086746375,10.6,0.6,47.54,8956,14926.7,0,5.8872837863524
"11","            Ameixoeira",392.64,487,12.9,27,38.88,4.3,0.160831742,3888.03,7391.6,15.36,27.87,391.6,87.82,0.167407661,13.3,1.6,24.76,1856,1160,0,4.47096333409246
"12","            Anjos",515.14,850,2.4,12,75.73,4.8,0.115033622,12429.28,19180.8,10.32,23.19,535.9,88.26,0.136039732,14.8,0.49,26.94,3586,7318.4,0,5.83661907999094
"13","            Beato",424.78,804,3.3,11,66.23,4.1,0.18372135,4715.21,7670.9,11.31,25.45,366,69.31,0.164091636,8.8,1.62,18.12,2257,1393.2,1,6.1286971576973
"14","            Benfica",506.82,1637,10.5,28,44.74,4.4,0.117821662,2673.89,4639.5,17.79,24.69,641.4,86.81,0.13301778,10.4,7.94,30.4,10467,1318.3,0,5.83826748070499
"15","            Campo Grande",595.33,367,7.3,23,47.43,4.9,0.084901532,2541.56,4296.1,14.49,20.3,566.7,102.68,0.096818811,11.6,2.45,42.62,10752,4388.6,0,5.79791585508376
"16","            Campolide",469.73,1089,3.7,16,61.21,4.2,0.154991643,3335.57,5571.9,12.91,22.2,612,78.96,0.125575555,11.6,2.77,26.1,8565,3092.1,0,5.94896149949342
"17","            Carnide",555.15,529,13.3,30,48.04,4.5,0.132842973,2747.08,5736.2,15.94,23.1,681.1,102.15,0.110367042,8.8,4.07,42.35,8756,2151.4,0,5.43465491923642
"18","            Castelo",359.81,39,1.2,8,32.09,3.7,0.174603175,6331.84,6440.7,17.79,25.65,NA,62.19,0.2,8.5,0.06,14.8,109,1816.7,0,5.78565685801576
"19","            Charneca",375.48,504,16.4,27,36.83,4.3,0.224270776,2626.55,5866.6,13.93,28.96,574.2,81.48,0.180682764,10.5,1.72,17.58,371,215.7,0,4.60824742268041
"20","            Coracao de Jesus",586.21,321,2.2,11,74.05,5.1,0.094276094,5178.1,6607.4,13.41,20.31,NA,94.32,0.096523093,16,0.56,39.92,15376,27457.1,0,6.2151187446989
"21","            Encarnacao",497.92,210,1.9,13,95.32,4.6,0.108010801,12084.77,11920.7,11.95,20.99,87.5,82.06,0.110720562,13.7,0.19,31.16,2769,14573.7,0,6.06775530099927
"22","            Graca",470.67,496,3.2,13,85.64,4.4,0.128936643,11766.92,16507.9,9.69,24.9,598.9,73.03,0.142043297,11.2,0.35,22.72,1020,2914.3,0,6.44488566342599
"23","            Lapa",602.36,554,4.1,17,71.53,5.1,0.086773378,7155.11,10806.3,12.16,19.94,626.1,106.12,0.087472406,10.6,0.74,48.86,2313,3125.7,0,5.6762156049755
"24","            Lumiar",590.72,1241,12.8,27,30.46,4.7,0.085452936,3497.84,6705.6,15.46,22.89,643.4,109.49,0.080933924,11,6.11,54.29,13259,2170,0,5.39519590830213
"25","            Madalena",593.64,35,1.7,8,71.53,5.7,0.047058824,3244.72,3400.5,12.5,21.96,396.9,114.94,0.137614679,14.3,0.12,44.52,647,5391.7,0,5.16478162519575
"26","            Martires",683.65,26,0.5,4,51.66,5.3,0.04375,3276.1,3738.4,15.04,21.21,683.2,126.79,0.065420561,15.9,0.1,51.27,2728,27280,0,5.39198674974367
"27","            Marvila",383.2,818,6.3,16,43.86,4.5,0.168320365,2616.98,5977.6,11.17,25.91,469.4,81.19,0.167733603,6.4,6.37,9.69,15618,2451.8,1,4.71979307796527
"28","            Merces",508.97,429,2.3,16,96.83,4.5,0.141404358,12127.43,16203.5,10.53,21.68,566.1,80.67,0.139138665,13.1,0.27,32.11,726,2688.9,0,6.30928474029999
"29","            Nossa Senhora de Fatima",604.55,820,4.3,18,52.13,5,0.10629635,5473.53,8011.1,13.22,19.36,546.4,107.96,0.094770338,13.2,1.91,47.73,30831,16141.9,0,5.59975917006299
"30","            Pena",475.49,579,2.4,11,84.05,4.4,0.149763033,7035.47,8971.3,11.95,23.57,716.7,73.6,0.144429767,15.3,0.5,25.13,2927,5854,0,6.46046195652174
"31","            Penha de Franca",518.93,1187,3.7,15,66.63,4.3,0.128328895,12173.83,18708.7,12.19,24.44,426.9,76.48,0.112649165,13.3,0.68,25.59,3608,5305.9,0,6.78517259414226
"32","            Prazeres",516.41,525,3.6,22,72.47,4.6,0.142079807,3158.48,5166.9,11.37,21.42,764,87.59,0.104231166,12.7,1.57,35.95,2811,1790.4,1,5.89576435666172
"33","            Sacramento",544.05,84,1.3,8,93,4.6,0.142857143,8056.97,8714.7,10.62,22.33,575,85.24,0.112781955,16.6,0.09,38.67,1904,21155.6,0,6.38256687001408
"34","            Santa Catarina",507.6,411,1.6,13,104.53,4.4,0.142621145,13893.83,17407.1,10.75,22.42,593.8,78.2,0.12110373,14.5,0.21,31.57,1742,8295.2,0,6.49104859335038
"35","            Santa Engracia",434.42,483,3.6,13,69.81,4,0.150965251,6425.06,9543.1,12.41,25.78,691.7,67.41,0.125534396,12.1,0.55,21.64,1095,1990.9,1,6.44444444444444
"36","            Santa Isabel",575.44,594,4,17,82.72,4.7,0.108604576,6889.49,10964.2,11.7,19.63,830.4,97.58,0.091364205,13.4,0.63,42.7,10336,16406.3,0,5.89711006353761
"37","            Santa Justa",456.22,82,1.5,7,53.66,4.3,0.223602484,2677.04,3614,5.44,22.04,NA,72.06,0.140692641,22.6,0.25,11.37,3231,12924,0,6.33111296142104
"38","            Santa Maria de Belem",548.5,518,7.6,25,65.52,4.9,0.098395722,1536.56,2488.9,19.07,22.52,774,101.31,0.095493562,11.1,3.43,40.07,6236,1818.1,1,5.41407560951535
"39","            Santa Maria dos Olivais",530.68,1214,9.6,22,43.34,4.8,0.10546744,2325.07,4548.5,16.39,24.05,636.7,97.2,0.121185223,10.8,11.21,29.29,46579,4155.1,1,5.459670781893
"40","            Santiago",435.22,58,1,7,93.5,4.3,0.178683386,8617.49,9542.4,12.41,26.53,NA,67.79,0.109540636,12.6,0.06,23.01,256,4266.7,0,6.42012096179378
"41","            Santo Condestavel",535.97,1201,3.8,16,65.14,4.3,0.124068452,9239.9,14847.1,12.95,21.52,754.4,78.18,0.114716107,9.6,1.03,31.01,2740,2660.2,0,6.85558966487593
"42","            Santo Estevao",391.2,245,1.1,7,99.25,3.5,0.219161677,7723.84,7428.9,10.09,25.45,NA,51.06,0.148501362,14.3,0.23,19.7,410,1782.6,1,7.66157461809636
"43","            Santos-o-Velho",524.69,486,2.7,18,95.15,4.6,0.144158628,5456.6,7569.2,11.53,22.81,725,84.6,0.130520118,15,0.53,33.34,1894,3573.6,1,6.20200945626478
"44","            Sao Cristovao e Sao Lourenco",409.41,145,1.8,10,88.32,3.9,0.185520362,14050.02,17190.8,10.18,24.2,NA,60.8,0.170046802,15.9,0.08,21.12,513,6412.5,0,6.73371710526316
"45","            Sao Domingos de Benfica",566.91,1430,6,22,46.1,4.6,0.08901215,4701.98,7831.6,15.79,21.18,714.2,103.2,0.087387053,10.8,4.31,48.16,13177,3057.3,0,5.49331395348837
"46","            Sao Francisco Xavier",673.86,284,10.1,27,39.72,5.3,0.056557628,1834.45,3484.7,19.01,20.82,684.4,127.73,0.072377338,12.1,2.3,56.49,2018,877.4,0,5.27565959445706
"47","            Sao Joao",521.7,1171,3.7,16,62.83,4.2,0.142265982,6312.53,10087.2,11.68,25.65,364.4,75.09,0.147017642,10.8,1.51,21.3,2032,1345.7,1,6.94766280463444
"48","            Sao Joao de Brito",609.27,608,6,22,53.38,5.2,0.071680376,3060.09,5258,14.46,20.76,NA,104.4,0.102179564,9.5,2.23,41.71,5985,2683.9,0,5.83591954022988
"49","            Sao Joao de Deus",661.08,700,4.7,18,61.8,5.3,0.074944568,6965.57,10596,13.08,19.06,685.7,114.75,0.083074189,10.4,0.92,50.54,8927,9703.3,0,5.76104575163399
"50","            Sao Jorge de Arroios",579.58,1454,3.3,14,65.87,4.9,0.098606774,10324.15,15893.6,11.84,21.18,655.7,93.18,0.109964142,16,1.16,36.57,15604,13451.7,0,6.22000429276669
"51","            Sao Jose",523.27,292,2.9,13,78.85,4.4,0.138084633,7124.47,8310.9,10.76,21.45,600,74.43,0.135359116,16.9,0.33,27.88,4116,12472.7,0,7.03036410049711
"52","            Sao Mamede",635.44,396,1.8,8,75.02,5.3,0.071035941,5445.47,8815.6,13.13,18.79,695.6,115.34,0.091295938,13.5,0.61,50.79,10209,16736.1,0,5.50927692040923
"53","            Sao Miguel",355.41,216,1,7,107.08,3.3,0.225844005,21943.32,29495.4,6.5,23.15,NA,41.81,0.134848485,10.2,0.05,14.69,259,5180,0,8.50059794307582
"54","            Sao Nicolau",550.05,97,0,0,94.81,5.1,0.09921671,4511.2,4674.5,10.78,28.01,787.5,96.36,0.08135169,26.7,0.26,25.85,5197,19988.5,1,5.70828144458281
"55","            Sao Paulo",478.75,327,1.8,12,68.68,4.6,0.136470588,4661.45,6212.2,10.73,23.04,NA,79.79,0.125879044,15,0.44,24.74,3899,8861.4,1,6.00012532898859
"56","            Sao Sebastiao da Pedreira",665.84,340,3.4,14,57.77,5.7,0.071062271,3775.99,5855.1,11.72,17.5,693.6,131.29,0.084220716,12.9,1.08,55.39,23470,21731.5,0,5.07152106024831
"57","            Sao Vicente de Fora",415.54,432,4.9,16,79.46,4,0.153153153,8368.78,11176.3,10.43,24.93,NA,66.86,0.137625517,12.8,0.32,21.47,813,2540.6,0,6.21507627879151
"58","            Se",544.97,72,0.5,4,85.49,5.2,0.085365854,7259.21,7584.3,10.22,22.58,433.3,100.3,0.106837607,17.7,0.12,33.29,407,3391.7,0,5.43339980059821
"59","            Socorro",362.76,372,1.2,6,87.69,3.9,0.219457014,18860.78,27646.2,8.28,21.6,NA,51.93,0.175081967,21,0.11,11.96,866,7872.7,0,6.98555748122473
"60","            Apelacao",260.62,256,17.3,31,31.06,4.3,0.246801706,1544.94,3962,43.23,29.81,413.6,84.53,0.238315952,8.7,1.43,5.13,282,197.2,0,3.08316573997397
"61","            Bucelas",326.26,176,32.4,39,49.67,4.6,0.115241636,76.95,137.3,38.24,25.86,622.9,93.93,0.087483176,8.8,33.97,9.15,1438,42.3,0,3.47343766634728
"62","            Camarate",365.69,1643,14.9,29,38.41,4.1,0.226054156,1638.95,3496.5,47.96,28.53,476.5,73.17,0.173958225,12.6,5.66,5.42,2649,468,0,4.99781331146645
"63","            Fanhoes",350.5,120,25,34,42.08,4.6,0.12754159,123.56,241,36.35,27.92,610.6,91.63,0.100780696,11.5,11.62,9.51,215,18.5,0,3.82516643020845
"64","            Frielas",371.23,69,18.1,31,37.32,4.4,0.154716981,181.68,390.2,48.71,27.86,NA,86.48,0.118158123,9.8,5.56,7.63,2381,428.2,0,4.29266882516189
"65","            Loures",425.34,971,19.2,32,37.48,4.7,0.118391023,416.22,829.1,44.11,25.11,545.2,101.99,0.10161695,12.2,33,17.33,8524,258.3,0,4.17040886361408
"66","            Lousa",327.9,151,33,38,49.24,4.5,0.107509881,107.22,191.7,41.63,23.76,617.2,92.23,0.092020592,11,16.53,8.82,1210,73.2,0,3.55524232896021
"67","            Moscavide",479.69,972,10.4,23,48.47,4,0.13497891,7256.78,12952,60.12,25.07,666.2,84.01,0.098832242,22.6,1.1,29.58,2005,1822.7,0,5.70991548625164
"68","            Sacavem",447.06,844,15.1,29,43.19,4.2,0.161294691,2335.05,4522.9,51.57,25.49,521.8,84.05,0.150914634,16.2,4.09,20.5,4656,1138.4,0,5.31897679952409
"69","            Santa Iria de Azoia",376.44,712,19.7,29,29.27,4.6,0.117169704,1134.12,2412.7,47.72,27.54,556.9,95.24,0.11497006,9.9,7.56,11.97,3630,480.2,0,3.95254094918102
"70","            Santo Antao do Tojal",369.84,177,27.6,35,39.17,4.6,0.141677255,148.76,278.6,35.24,24.81,601,94.89,0.115949367,10,15.13,11.31,3664,242.2,0,3.89756560227632
"71","            Sao Joao da Talha",369.33,808,16,26,28.83,4.6,0.151590767,1195.31,2700.9,44.6,27.51,494.9,95.14,0.13003166,10.1,6.39,9.34,2597,406.4,0,3.88196342232499
"72","            Sao Juliao do Tojal",342.86,119,22,33,39.31,4.5,0.173144876,135.18,289,33.99,28.09,440.6,89.84,0.152915292,9.9,13.28,6.64,5657,426,0,3.81634016028495
"73","            Unhos",315.81,680,18.2,31,35.23,4.2,0.237317283,972.81,2121.2,42.11,31.11,539.3,74.26,0.162605133,10.2,4.48,4.74,457,102,0,4.25276057096687
"74","            Portela",603.71,228,11.2,27,32.17,5.3,0.060021209,5548.69,11978.9,63.78,24.86,615.3,125.7,0.092650009,9.8,0.99,46.07,862,870.7,0,4.80278440731901
"75","            Bobadela",434.23,232,13.7,24,40.64,4.5,0.092546412,1223.8,2476.5,53.48,25.7,524.4,93.35,0.102534825,13.1,3.57,18.14,2272,636.4,0,4.65163363685056
"76","            Prior Velho",380.93,319,13.7,32,36.14,4.1,0.204712813,2566.94,5406.6,57.99,26.1,538.2,83.91,0.136231884,12.7,1.32,19.68,5773,4373.5,0,4.53974496484329
"77","            Santo Antonio dos Cavaleiros",444.31,797,19.8,31,26.64,4.6,0.138834652,3283.71,7124.9,52.71,28.64,440.1,92.56,0.137482949,13.3,3.63,19.44,1265,348.5,0,4.80023768366465
"78","            Azueira",307.09,74,41.7,46,45.83,5,0.094372294,104.29,208.4,41.21,22.34,523.9,114.13,0.072958501,9.8,15.18,10.31,454,29.9,0,2.6907035836327
"79","            Carvoeira",393.02,86,54.5,52,25.22,5,0.094451004,202.12,262.4,51.05,28.12,571.3,122.32,0.115349682,22,8.21,20.53,83,10.1,1,3.21304774362328
"80","            Cheleiros",325.4,63,47.6,48,41.69,4.9,0.090740741,68.6,117,41.28,20.32,565.8,106.95,0.112121212,12.6,11.52,8.68,158,13.7,0,3.04254324450678
"81","            Encarnacao",339.38,116,60.1,56,35.35,5,0.10952381,85.26,168.3,31.48,23.65,525.1,119.15,0.101731602,12,28.51,8.48,849,29.8,1,2.84834242551406
"82","            Enxara do Bispo",300.54,46,42.8,45,34.66,4.6,0.15301391,45.91,96.4,38.04,22.81,550.7,106.75,0.078144078,9.2,18.06,5.76,107,5.9,0,2.81536299765808
"83","            Ericeira",444.07,521,53.8,51,27.56,4.8,0.112062453,752.77,851.4,35.44,26.2,556.8,115.55,0.110289937,18,12.05,21,1406,116.7,1,3.84309822587624
"84","            Gradil",343.94,33,43.2,46,41.57,5.1,0.084474886,88.62,166.1,40.76,25.11,568.5,129.96,0.074545455,20.9,7.38,16.03,105,14.2,0,2.64650661742074
"85","            Igreja Nova",352.71,120,43.8,45,37.63,5.1,0.075783972,60.35,118.9,44.13,23.94,578.2,122.93,0.091607944,15.9,25.55,16.15,499,19.5,0,2.86919385015863
"86","            Mafra",416.22,709,44.4,47,29.34,4.9,0.089924321,190.15,375.1,33.37,23.07,503.2,117.81,0.086316008,18.1,47.95,21.41,3574,74.5,0,3.53297682709447
"87","            Malveira",409.43,363,37.3,40,41.33,4.6,0.099563665,336.32,664.2,41.98,24.15,485.4,107.97,0.089932127,19.2,9.78,18.7,4234,432.9,0,3.79207187181625
"88","            Milharado",389.76,155,36.7,42,32.33,5,0.101461039,126.27,287.5,46.9,24.52,506.5,121.79,0.070904645,14.2,24.43,14.89,2084,85.3,0,3.200262747352
"89","            Santo Estevao das Gales",321.71,35,41.5,48,40.49,4.8,0.124807396,49.59,96.1,43.19,25.83,593.8,105.54,0.086956522,10.5,17.79,9.21,274,15.4,0,3.04822815993936
"90","            Santo Isidoro",408.05,87,57.2,53,29.26,5.1,0.094035088,95.32,153.6,28.4,23.82,588.8,126.06,0.099890231,15.7,24.83,15.21,462,18.6,1,3.23695065841663
"91","            Sobral da Abelheira",333.65,26,56.3,53,38.13,4.9,0.083333333,40.78,74.6,26.96,25.84,600,116.77,0.072953737,11.1,15.45,7.51,83,5.4,0,2.85732636807399
"92","            Vila Franca do Rosario",355.36,28,40.1,42,62.07,5.2,0.117834395,70.54,140.3,31,22.66,706.3,115.19,0.106481481,9.5,6.21,11.58,669,107.7,0,3.08499001649449
"93","            Venda do Pinheiro",462.01,312,34.9,40,31.51,4.9,0.100171527,318.29,696.6,49.55,24.18,594.2,125.73,0.090699285,21,11.69,21.88,2807,240.1,0,3.6746202179273
"94","            Sao Miguel de Alcainca",407.14,56,43.2,44,26.06,4.9,0.067466267,122.65,249.5,44.03,25.48,555,120.6,0.089536138,16.6,7.07,17.42,322,45.5,0,3.3759535655058
"95","            Barcarena",423.25,345,16.9,33,31.58,4.7,0.101915566,711.51,1537.9,53.47,25.95,598.2,105.08,0.092051906,16,9.01,25.78,5494,609.8,0,4.02788351732014
"96","            Carnaxide",450.09,993,11.9,32,29.95,4.6,0.124987561,1800.8,3978.2,48.18,23.34,551.5,104.53,0.117050962,12.4,6.51,34.11,22927,3521.8,0,4.30584521190089
"97","            Oeiras e Sao Juliao da Barra",551.64,1670,18.4,37,36.67,4.6,0.106496345,2720.45,5029.2,49.97,28.21,606.1,103.67,0.107940831,14.2,6.73,37.35,7078,1051.7,1,5.32111507668564
"98","            Paco de Arcos",481.08,954,17.8,36,34.62,4.4,0.15867052,2644.18,4512,51.24,27.97,716,94.06,0.110089432,16.1,3.39,35.6,7288,2149.9,1,5.11460769721454
"99","            Alges",548.92,1034,10.3,26,44.47,4.6,0.093779803,5901.99,11254.7,55.75,22.53,605.8,108.43,0.09326716,14.9,1.98,42.57,11953,6036.9,1,5.06243659503827
"100","            Cruz Quebrada-Dafundo",513.48,362,11.4,29,46.44,4.3,0.119006554,1247.98,2192.5,52.92,25.51,716.7,90.64,0.106145251,15.1,2.92,29.2,756,258.9,1,5.66504854368932
"101","            Linda-a-Velha",527.85,750,10.7,29,39.04,4.6,0.095533209,4439.42,8741.2,50.89,23.94,769.3,101.8,0.101814516,10.4,2.29,32.97,8836,3858.5,0,5.18516699410609
"102","            Porto Salvo",367.8,513,18.7,39,30.73,4.6,0.160205346,901.82,2064.2,39.77,26.61,593.3,97.72,0.141331575,10.7,7.34,19.78,12918,1759.9,0,3.76381498158002
"103","            Queijas",498.24,283,15.2,31,30.71,4.8,0.086410635,2041.23,4512.5,49.83,24.45,595.1,111.43,0.092455043,11.4,2.3,30.03,1469,638.7,0,4.47132729067576
"104","            Caxias",481.84,235,16.2,32,32.69,5.1,0.101016139,1159.5,2640.6,50.11,27.38,574.8,113.31,0.105461812,13.5,3.41,30.75,828,242.8,0,4.2524049068926
"105","            Algueirao-Mem Martins",406.52,2693,26.4,30,33.72,4.6,0.155172414,1928.73,4141.8,36.43,27.11,508.7,97.23,0.140064593,9.6,16,14.6,9418,588.6,0,4.18101409030135
"106","            Almargem do Bispo",319.29,361,26.7,32,37.61,4.8,0.118529412,113.8,225.7,41.81,23.91,637.2,104.19,0.110808356,9.8,39.8,9.95,1871,47,0,3.06449755254823
"107","            Belas",416.25,724,17.1,24,33.58,4.5,0.160238043,489.83,1142.2,50.08,27.7,665.5,104.57,0.121108025,11.2,22.84,18.68,2915,127.6,0,3.98058716649135
"108","            Colares",397.81,416,37.3,41,40.5,5,0.124497992,181.02,228.6,25.89,25.78,657.4,106,0.111081081,8.2,33.37,19.35,911,27.3,1,3.75292452830189
"109","            Montelavar",308.88,200,34.8,37,45.98,4.7,0.113409415,206.4,412.9,20.16,19.51,498.5,90.26,0.134844193,5.2,8.62,8.01,880,102.1,0,3.42211389319743
"110","            Queluz",405.62,1257,14.8,21,49.41,4.2,0.16627165,3771.08,7229.3,55.33,28.37,474.7,80.23,0.167060305,12.5,3.63,11.8,3551,978.2,0,5.05571481989281
"111","            Rio de Mouro",453.76,1932,22.1,25,30.67,4.5,0.163359218,1334.01,2868.4,43.07,28.12,470.5,98.47,0.143228449,10.1,16.49,14.37,8315,504.2,0,4.60810399106327
"112","            Sintra (Santa Maria e Sao Miguel)",416.15,391,28.6,32,42.9,5,0.084727756,403.04,765.4,31.36,24.04,564.6,107.1,0.105136612,6.6,12.23,23.71,3100,253.5,0,3.88562091503268
"113","            Sao Joao das Lampas",375.12,642,40.1,40,33.15,4.9,0.117835122,116.75,198.1,22.65,24.83,594,107.26,0.112343722,8.4,57.5,13.61,1757,30.6,1,3.49729628939027
"114","            Sintra (Sao Martinho)",379.74,240,29,35,42.14,5.1,0.101345669,145.59,255.7,25.15,23.8,698.8,113.9,0.109501348,7.6,24.35,19.24,1647,67.6,0,3.33397717295874
"115","            Sintra (Sao Pedro de Penaferrim)",517.15,482,30.3,30,32.65,5.1,0.105186115,233.82,519.1,42.79,23.16,719.5,122.63,0.0985996,14.7,26.97,24.94,10566,391.8,0,4.21715730245454
"116","            Terrugem",337.03,267,42.1,46,39.67,4.7,0.118644068,96.06,195.9,19.83,20.64,704,101.04,0.101390025,7.1,26.1,10.19,2895,110.9,0,3.33560965954078
"117","            Pero Pinheiro",307.84,257,26.7,33,48.23,4.6,0.126785714,153.36,271.3,17.29,18.75,566.9,90.24,0.138565891,4.9,15.65,7.13,1961,125.3,0,3.4113475177305
"118","            Casal de Cambra",422.87,807,20.9,26,29.3,4.4,0.208761734,2644.84,5854.3,59.65,29.47,511.6,89.96,0.150190672,14.1,2.17,8.72,1058,487.6,0,4.70064473099155
"119","            Massama",476.89,767,17.5,23,26.3,4.5,0.129533188,6940.68,15373.2,52.9,27.97,533.1,106.15,0.123739984,10,1.83,24.06,3426,1872.1,0,4.4926048045219
"120","            Monte Abraao",412.23,937,15.8,22,29.86,4.3,0.182659523,7987.61,16551.9,53.98,29.5,412.5,87.56,0.142103802,12.5,1.26,16.75,653,518.3,0,4.70797167656464
"121","            Agualva",420.65,1333,19.5,24,37.72,4.3,0.184474488,3596.1,7423,46.41,30.93,472,88.54,0.149821324,10.1,4.83,11.18,2848,589.6,0,4.75096001807093
"122","            Cacem",397.9,817,19.6,23,36.18,4.2,0.190218727,4618.47,9819.5,45.32,29.79,467,86.29,0.13905782,10.3,2.17,10.02,3182,1466.4,0,4.61119480820489
"123","            Mira-Sintra",279.06,122,25.7,28,39.22,5.2,0.100294985,2065.72,4573.2,37.49,33.08,NA,96.12,0.191759919,6.6,1.15,5.9,343,298.3,0,2.90324594257179
"124","            Sao Marcos",439.75,894,22.5,26,28.3,4.1,0.218821729,3579.05,7651.1,59.26,29.42,601.8,87.5,0.124915402,19.3,2.28,14.91,1307,573.2,0,5.02571428571429
"125","            Alhandra",301.25,310,34.9,34,49.97,4.3,0.120062573,1362.66,2580.6,33.29,25.03,592.1,81.41,0.147475481,7.8,2.34,8.97,917,391.9,0,3.70040535560742
"126","            Alverca do Ribatejo",378.57,1104,27,30,33.2,4.4,0.116653061,767.01,1605.3,41.99,26.51,472.8,96.8,0.114159871,12.1,19.35,17.07,8579,443.4,0,3.91084710743802
"127","            Cachoeiras",320.68,11,39.2,43,48.07,5,0.128472222,37.37,77.6,38.94,23.75,812.5,127.83,0.087671233,7.2,9.87,12.6,37,3.7,0,2.50864429320191
"128","            Calhandriz",397.73,11,30.9,34,45.71,4.9,0.063897764,66.64,111.9,45.82,26.75,547.5,114.74,0.095744681,8.6,7.16,11.06,137,19.1,0,3.46635872407182
"129","            Castanheira do Ribatejo",323.02,272,39.5,37,43.15,4.5,0.120936735,211.44,443.6,36.37,22.44,445.8,94.24,0.137159032,10,16.91,9.75,2431,143.8,0,3.42763157894737
"130","            Povoa de Santa Iria",421.66,865,20.7,28,31,4.5,0.111356932,2795.46,6379.1,57.66,28.34,500.9,103.58,0.093791976,13.3,4.6,19.5,3618,786.5,0,4.07086310098475
"131","            Sao Joao dos Montes",308.66,121,37.2,38,29.39,4.9,0.089612127,159.15,333.7,40.92,27.43,535.9,118.65,0.102770619,9.4,18.03,14.47,248,13.8,0,2.60143278550358
"132","            Vialonga",372.32,669,21.9,32,37.19,4.5,0.130113931,519.89,1173.1,49.36,28.06,453.1,93.84,0.116824034,12.7,17.93,10.86,3836,213.9,0,3.96760443307758
"133","            Vila Franca de Xira",316.06,847,36.2,34,43.03,4.5,0.117362696,47.48,85.5,33.25,24.17,564.4,92.87,0.125624792,9,212.79,16.64,5342,25.1,0,3.40325185743512
"134","            Sobralinho",397.42,222,29,33,46.66,4.4,0.124355005,530.27,1106.6,35.69,25.39,452.8,90.45,0.11852404,9.4,4.56,9.3,873,191.4,0,4.39380873410724
"135","            Forte da Casa",379.91,440,22.1,30,25.36,4.3,0.172535211,1116.38,2424.4,50.52,30.08,504.1,88.22,0.112918972,11.7,4.56,10.91,1516,332.5,0,4.30639310813874
"136","            Alfragide",589.31,221,9.7,19,29.12,5,0.056568861,3376.95,7420.8,65.17,21.97,775,116.88,0.082210243,12.7,1.33,47.6,15288,11494.7,0,5.04200889801506
"137","            Brandoa",314.55,1384,15.1,22,36.54,3.9,0.246459337,3761.82,8014.7,46.91,28.11,466.9,64.65,0.188297872,10.1,2.22,4.99,2491,1122.1,0,4.86542923433875
"138","            Buraca",378.62,547,11.9,23,32.91,4.4,0.197016882,4379.45,9577.9,51.88,24.05,NA,77.53,0.18423489,11.7,1.68,12.13,1258,748.8,0,4.88352895653296
"139","            Damaia",411.53,803,13.7,20,40.18,4.2,0.150044425,8094.93,14810.5,55.15,23.99,549.4,81.49,0.138973423,14,1.41,15.95,2630,1865.2,0,5.05006749294392
"140","            Falagueira",393.48,593,14.1,23,39.7,4.1,0.169202475,4758.98,9843.8,51.41,25.66,477.3,76.16,0.163570458,10.1,1.48,12.18,1754,1185.1,0,5.16649159663866
"141","            Mina",426.94,774,14.3,23,39.34,4.2,0.171409305,3282.95,6390.6,53.18,27.05,510.7,79.42,0.171408663,15.8,2.81,13.8,1591,566.2,0,5.3757239989927
"142","            Reboleira",392.14,1145,12.3,18,36.41,3.7,0.266209569,11356.61,18902.2,53.33,25.55,NA,67.8,0.165686945,16,0.76,14.7,1937,2548.7,0,5.78377581120944
"143","            Venteira",440.98,932,14.2,22,43.62,4.2,0.140549077,2150.75,3796,55.55,25.16,568.6,80.2,0.132618576,14.8,4.88,17.15,6390,1309.4,0,5.49850374064838
"144","            Alfornelos",512.76,336,14.2,21,33.11,4.5,0.117857997,5854.99,12357.5,66.7,26.41,NA,96.01,0.126599792,13.2,0.84,29.99,600,714.3,0,5.3406936777419
"145","            Sao Bras",411.3,876,17.5,23,27.48,4.3,0.188877446,2205.86,5072,53.84,27.58,482.8,89.52,0.131972244,15,5.18,15.14,1846,356.4,0,4.59450402144772
"146","            Venda Nova",398.2,442,12.8,19,46.65,4.1,0.174590384,3926.07,7059.2,57.94,26.66,241.7,72.81,0.153278689,12.3,1.18,12.92,2329,1973.7,0,5.46902897953578
"147","            Canecas",361.96,583,22.3,29,30.83,4.7,0.138252945,930.79,2069.5,50.5,28.33,562.4,98.02,0.122110633,13.4,5.96,11.34,1444,242.3,0,3.69271577229137
"148","            Famoes",366.39,343,19.4,27,19.65,5,0.131448023,1080.66,2427.6,52.59,28.74,549.2,114.85,0.113904566,10.5,4.57,13.18,1659,363,0,3.19016107966913
"149","            Odivelas",415.37,2356,19.4,26,35.81,4.4,0.129650414,5789.64,11717.6,58.03,27.31,506.2,90.57,0.114234619,16.1,5.08,21.22,8675,1707.7,0,4.58617643811417
"150","            Olival Basto",345.87,382,18.9,25,42.07,4,0.192197125,2232.82,4284.3,60.58,30.86,NA,73.51,0.150694444,13.7,1.36,10.17,592,435.3,0,4.70507413957285
"151","            Pontinha",355.91,1417,14.6,21,35.55,4.2,0.185452163,2488.28,4970.7,52.16,28.09,494.4,79.64,0.153704516,12.2,4.64,10.68,2446,527.2,0,4.46898543445505
"152","            Povoa de Santo Adriao",397.98,511,18.8,26,34.41,4.4,0.153015995,5068.53,10573.4,55.7,27.85,479.5,86.59,0.140608284,12.8,1.24,12.95,1796,1448.4,0,4.59614274165608
"153","            Ramada",427.87,509,21,25,28.18,4.7,0.103022163,2414.96,5582.2,55.67,26.44,488,102.53,0.092765726,13.3,3.52,24,1913,543.5,0,4.17312006242075
"154","            Alcochete",445.52,438,34.6,36,37.36,4.8,0.08831113,52.12,102.5,47.56,24.01,591.4,110.96,0.123708111,17.3,119.44,22.55,3954,33.1,0,4.01514059120404
"155","            Samouco",323.85,139,38.8,39,43.27,4.7,0.0976,327.43,660.1,51.86,23.13,508.3,106.22,0.129549661,14.3,4.76,13.76,144,30.3,0,3.0488608548296
"156","            Sao Francisco",413.37,72,36.3,36,27.53,4.9,0.085956416,251.1,525.5,56.03,24.23,650.4,133.41,0.089836661,27.4,4.16,27.8,137,32.9,0,3.09849336631437
"157","            Almada",404.45,906,13,22,56.23,4.4,0.093933965,7569.34,12096.9,42.77,28.87,480.6,86.43,0.149072753,8.7,1.37,19.08,4560,3328.5,0,4.6795094295962
"158","            Caparica",310.95,767,14.5,21,36.82,4.5,0.158616272,994.75,1857.5,36.29,28.19,500,86.03,0.183695869,8.8,11.01,12.06,2607,236.8,1,3.61443682436359
"159","            Costa da Caparica",425.09,872,17.3,22,42.04,4.2,0.160506329,1374.5,1318.3,40.27,29.91,512,82.99,0.139079773,15,10.18,20.66,1565,153.7,1,5.12218339558983
"160","            Cova da Piedade",445.6,970,12.3,20,51.56,4.6,0.083038264,7657.33,13984,43.77,28.36,559.6,90.07,0.134098324,7.9,1.42,18.95,2628,1850.7,0,4.94726323970245
"161","            Trafaria",334.71,174,18.6,25,50.88,4.4,0.159904535,573.79,993.4,32.64,31.7,632.1,77.22,0.202714165,7.8,5.73,6.61,231,40.3,1,4.33449883449883
"162","            Cacilhas",419.63,284,13.7,24,51.15,4.5,0.099283154,3416.53,5523.2,46.72,31.38,NA,92.45,0.131693772,10.4,1.09,21.03,1087,997.2,0,4.53899405083829
"163","            Pragal",370.47,201,12.8,21,49.88,4.6,0.127402135,1489.32,3151.3,41.98,26.93,NA,94.97,0.157970183,8,2.27,24.84,2432,1071.4,0,3.90091607876171
"164","            Sobreda",391.88,373,14.4,22,26.35,5,0.096312209,1122.51,2459.8,41.04,28.21,469.3,111.62,0.120015844,10.1,6.17,20.86,1305,211.5,0,3.51084035119154
"165","            Charneca de Caparica",473.4,707,19.2,24,22.82,5.2,0.082879942,786.89,1286.1,43.11,30.44,647.5,124.24,0.108295241,13,23.14,25.15,2761,119.3,0,3.81036703155184
"166","            Laranjeiro",436.41,1029,13.6,24,41.9,4.4,0.156530051,2720.51,5415.2,40.47,29.76,480.4,84.74,0.181018613,9.6,3.88,12.18,2354,606.7,0,5.14998819919755
"167","            Feijo",392.67,906,13.6,22,33.92,4.5,0.123215922,2343.39,4785.6,40.74,29.15,492.8,91.98,0.125725134,9.7,3.95,17.63,2540,643,0,4.26908023483366
"168","            Barreiro",307.51,379,33.3,41,61.48,4.6,0.089712919,1341.44,2009.3,41.19,30.99,511.5,90.14,0.154368632,7.6,3.71,24.23,4341,1170.1,0,3.41147104504105
"169","            Lavradio",342.97,392,39.1,38,44.03,4.4,0.109053847,1812.38,3581.6,48.49,33.74,427.7,90.33,0.141974422,10.2,4.03,12.97,1915,475.2,0,3.79685597254511
"170","            Palhais",339.42,52,28.5,32,28.4,5.1,0.057534247,128.81,262.8,43.74,28.44,446,125.01,0.110552764,9.7,7.11,25.79,617,86.8,0,2.71514278857691
"171","            Santo Andre",332.16,358,37.1,35,36.18,4.4,0.109106347,1360.27,2744.9,44.71,32.09,471.8,90.01,0.138772537,8.2,4.18,14.09,936,223.9,0,3.69025663815132
"172","            Verderena",339.32,454,32.6,36,45.21,4.3,0.1152513,4612.59,8289.4,49.64,35.24,473.7,80.09,0.159461844,9.9,1.24,10.97,340,274.2,0,4.23673367461606
"173","            Alto do Seixalinho",326.82,680,38.8,37,43.91,4.2,0.119075279,6225.15,11386,45.65,33.84,463.1,82.6,0.168928772,9.2,1.76,10.66,1361,773.3,0,3.95665859564165
"174","            Santo Antonio da Charneca",336.3,237,34.3,32,32.73,4.9,0.116016909,693.68,1498.8,44.77,32.48,608.9,108.18,0.157885305,9,7.7,14.69,564,73.2,0,3.10870770937327
"175","            Coina",281.83,41,25.7,27,48.32,4.5,0.131771596,134.82,258.2,49.57,26.13,496.7,87.05,0.17193426,11.7,6.67,9.02,858,128.6,0,3.23756461803561
"176","            Alhos Vedros",337.25,397,39.6,40,36.3,4.6,0.107403015,458.81,840.4,55.71,30.14,445.4,96.08,0.152661622,11.1,17.91,11.2,2190,122.3,0,3.51009575353872
"177","            Baixa da Banheira",310.34,634,39.5,38,40.65,4.1,0.164472191,2938.64,5265.2,55.23,31.89,465.1,78.1,0.182750052,8.2,4,7.25,1280,320,0,3.97362355953905
"178","            Moita",366.42,423,38.8,40,38.53,4.7,0.100999706,502.86,983.9,46.76,25.68,521.8,100.5,0.154575957,8.5,17.94,12.49,2281,127.1,0,3.64597014925373
"179","            Gaio-Rosario",391.25,10,40.8,43,33.15,4.8,0.095444685,66.82,138.7,42.28,25.34,532.5,110.35,0.118794326,6.3,8.84,13.17,22,2.5,0,3.5455369279565
"180","            Sarilhos Pequenos",275.15,33,38.9,41,34.72,4.5,0.112385321,149.79,277.4,47.35,25.72,522.6,91.94,0.1015625,7.8,4.15,11.95,46,11.1,0,2.9927126386774
"181","            Vale da Amoreira",253.98,263,31.1,37,29.5,4.6,0.219618056,1843.98,4082.8,48.8,34.49,515,86.53,0.275968992,10.1,2.42,6.02,184,76,0,2.93516699410609
"182","            Canha",271.76,54,67.4,56,48.26,4.7,0.108108108,5.68,8,21.76,21.54,488.9,92.15,0.096,10.2,211.97,6.3,310,1.5,0,2.9491047205643
"183","            Montijo",391.02,1261,35.5,38,44.36,4.7,0.083513739,571.75,1097.5,41.28,25.3,465.3,102.69,0.136075949,15.4,27.25,17.78,5766,211.6,0,3.80777096114519
"184","            Santo Isidro de Pegoes",290.63,40,57.5,51,40.39,4.9,0.123263889,14.53,27.7,31.79,26,622.1,113.56,0.135135135,12.7,55.5,7.56,283,5.1,0,2.5592638252906
"185","            Sarilhos Grandes",318.71,143,37.9,39,38.88,4.6,0.137490609,148.99,291,37.8,21.54,598.8,100.2,0.135352287,13.3,11.77,8.74,324,27.5,0,3.18073852295409
"186","            Alto-Estanqueiro-Jardia",402.37,95,35.6,35,40.22,4.6,0.141666667,118.31,258.2,31.22,19.31,619,103.79,0.139553429,9,11.02,5.75,814,73.9,0,3.87677040177281
"187","            Pegoes",322.78,90,63.1,56,32.83,4.6,0.140291807,47.21,97.8,30.13,20.37,439.4,93.88,0.099284436,11.5,24.27,5.45,887,36.5,0,3.43821900298253
"188","            Atalaia",466.98,106,47.8,46,26.51,4.8,0.085580305,436.55,852.2,55.47,25.37,682.3,119.03,0.089058524,19.3,2.63,24.22,219,83.3,0,3.92321263547005
"189","            Afonsoeiro",412.44,347,31.5,34,41.25,4.6,0.098025388,908.64,1711.5,51.36,26.82,476.1,101.85,0.137463698,29,4.21,23.12,1403,333.3,0,4.04948453608247
"190","            Marateca",328.93,89,63.3,51,34.15,4.7,0.131078224,14.11,28.4,35.73,23.44,668.5,101.75,0.16724537,10.2,130.59,5.95,761,5.8,0,3.23272727272727
"191","            Palmela",389.68,439,43.6,43,31.19,5,0.082726569,116.69,225.6,42.27,22.96,645.1,123.04,0.126076932,11.4,77.51,17.74,6205,80.1,0,3.16710013003901
"192","            Pinhal Novo",385.42,811,41.8,39,31.3,4.6,0.121375661,229.63,459.1,41.5,25.48,515.9,103.18,0.136915888,12.4,54.44,13.45,2982,54.8,0,3.73541383989145
"193","            Quinta do Anjo",442.85,340,38.9,43,23.48,5,0.087747215,144.51,232.1,47.71,25.68,551.5,121.56,0.133038448,18.7,51.13,19.7,9466,185.1,0,3.6430569266206
"194","            Poceirao",293.6,82,53,51,35.02,4.6,0.173356603,15.95,31.5,28.58,23.8,608.3,98.44,0.14571949,9.8,151.46,4,564,3.7,0,2.98252742787485
"195","            Aldeia de Paio Pires",365.94,379,24.9,32,36.83,4.4,0.132497589,400.87,828.2,43.91,28.83,446.9,88.84,0.140919894,9.6,16.01,14.34,4416,275.8,0,4.11909049977488
"196","            Amora",411.53,1722,22.3,32,29.64,4.7,0.132695306,983.21,1996.3,45.78,30.01,533.2,97.5,0.158062777,10.5,24.36,12.51,4654,191.1,0,4.22082051282051
"197","            Arrentela",358.82,837,21.8,30,29.38,4.5,0.135496523,1413.54,2841,42.23,28.73,471.7,91.17,0.151892702,9.2,10.17,12.14,2836,278.9,0,3.93572447076889
"198","            Seixal",389.36,157,23.7,34,71.95,4.3,0.093268451,505.63,744.6,46.34,30.32,435.6,83.87,0.108862526,11.9,3.73,25.22,1920,514.7,0,4.64242279718612
"199","            Corroios",432.24,1277,16.4,29,24.55,4.8,0.100054259,1334.51,2785.5,61.32,31.01,551.1,104,0.12134213,14.3,17.11,18.84,4487,262.2,0,4.15615384615385
"200","            Fernao Ferro",397.01,300,25.6,34,19.29,5.2,0.081709514,418.38,707.1,47.23,30.36,519.7,129.4,0.134062927,14.3,24.13,13.88,1199,49.7,0,3.06808346213292
"201","            Sesimbra (Castelo)",384.47,491,37.9,47,25.27,4.8,0.110368824,75.75,106.3,28.17,23.81,505.2,110.61,0.115875228,9.2,179.29,16.15,2972,16.6,1,3.4759063375825
"202","            Sesimbra (Santiago)",344.02,273,40.7,53,52.1,4.2,0.149880668,3001.16,2401.4,19.05,20.23,422.5,75.52,0.129078014,5.1,2.02,7.71,1379,682.7,1,4.55534957627119
"203","            Quinta do Conde",425.2,785,33.6,39,18.5,4.8,0.107340345,861.87,1808.1,57.61,30.79,467,112.68,0.129013168,20.9,14.16,13.25,1835,129.6,0,3.77351792687256
"204","            Setubal (Nossa Senhora da Anunciada)",321.23,570,52.3,51,49.79,4.6,0.094286716,266.85,471,19.74,22.08,530.3,92.95,0.173064085,6,29.17,13.28,2970,101.8,1,3.45594405594406
"205","            Setubal (Santa Maria da Graca)",325.26,482,49.6,45,66.9,4.4,0.128429656,1745.42,2780.1,22.3,22.45,566.5,87.47,0.175424193,8.8,2.74,15.19,1755,640.5,1,3.71853206813765
"206","            Setubal (Sao Juliao)",408.9,672,50.1,47,54.36,4.8,0.077153025,1940.92,3451,26.62,23.33,553.5,109.12,0.132665991,6.5,4.85,28.1,5257,1083.9,1,3.74725073313783
"207","            Sao Lourenco",422.54,267,36.3,47,25.74,5.2,0.069053708,132.97,246.4,48.81,29.38,640.9,127.35,0.123778502,16.5,47.24,23.95,1603,33.9,0,3.31794267765999
"208","            Setubal (Sao Sebastiao)",392.55,2137,49.7,47,41.63,4.5,0.13280943,1001.91,2038,20.32,21.42,447.3,92.57,0.175456233,5.8,25.78,11.78,8283,321.3,1,4.24057470022686
"209","            Sao Simao",416.84,118,39.6,43,20.97,5.3,0.061532508,170.34,328,48.65,28.89,692.2,137.29,0.10374891,17.5,22.07,24.03,1169,53,1,3.03620074295287
"210","            Gambia-Pontes-Alto da Guerra",306.36,116,50.7,45,27.47,4.9,0.091296121,76.26,178.5,23.12,22.21,593.6,118.1,0.114516672,5.9,32.97,17.22,950,28.8,0,2.59407281964437
"211","            Sado",294.96,131,52.2,47,32.47,4.7,0.116744186,37.58,88.3,16.97,22.36,555.6,100.45,0.145695364,4.9,65.49,6.64,3307,50.5,1,2.9363862618218
